Server-Locale,Server-Response-Time,Server-Current-Load,Last-Request-Time-Delta,Overloaded
Antarctica (AN),345,0,41.797385931015015,False
Antarctica (AN),518,0,41.81003212928772,False
Antarctica (AN),345,0,0.8226990699768066,False
Antarctica (AN),518,0,0.8336210250854492,False
Antarctica (AN),345,0,0.845069169998169,False
Antarctica (AN),518,0,0.8577110767364502,False
Antarctica (AN),345,0,0.8684570789337158,False
Antarctica (AN),518,0,0.8801121711730957,False
Antarctica (AN),345,0,0.891455888748169,False
Antarctica (AN),518,0,0.9033269882202148,False
Antarctica (AN),345,0,0.9159889221191406,False
Antarctica (AN),518,0,0.9283199310302734,False
Antarctica (AN),345,0,0.9409310817718506,False
Antarctica (AN),518,0,0.951348066329956,False
Antarctica (AN),345,0,0.9640069007873535,False
Antarctica (AN),518,0,0.9760520458221436,False
Antarctica (AN),345,0,0.9876511096954346,False
Antarctica (AN),518,0,0.9992940425872803,False
Antarctica (AN),345,0,1.0095770359039307,False
Antarctica (AN),518,97,0.02207803726196289,True
Antarctica (AN),345,96,0.03418898582458496,True
Antarctica (AN),518,192,0.046743154525756836,True
Antarctica (AN),345,48,0.057585954666137695,True
Antarctica (AN),518,96,0.06849002838134766,True
Antarctica (AN),345,24,0.07904195785522461,True
Antarctica (AN),518,48,0.08995199203491211,True
Antarctica (AN),345,12,0.1009359359741211,True
Antarctica (AN),518,24,0.11136698722839355,True
Antarctica (AN),345,6,0.12176203727722168,True
Antarctica (AN),518,12,0.1318988800048828,True
Antarctica (AN),345,3,0.143416166305542,False
Antarctica (AN),518,6,0.1536250114440918,True
Antarctica (AN),345,1,0.16398096084594727,False
Antarctica (AN),518,3,0.17455101013183594,False
Antarctica (AN),345,0,0.18512511253356934,False
Antarctica (AN),518,1,0.1977541446685791,False
Antarctica (AN),345,0,0.20850396156311035,False
Antarctica (AN),518,0,0.21956992149353027,False
Antarctica (AN),345,0,0.23220300674438477,False
Antarctica (AN),518,0,0.24238801002502441,False
Antarctica (AN),345,0,0.2542247772216797,False
Antarctica (AN),518,0,0.2667520046234131,False
Antarctica (AN),345,0,0.2790048122406006,False
Antarctica (AN),518,0,0.2899799346923828,False
Antarctica (AN),345,0,0.30085086822509766,False
Antarctica (AN),518,0,0.3112030029296875,False
Antarctica (AN),345,0,0.3232300281524658,False
Antarctica (AN),518,0,0.3357272148132324,False
Antarctica (AN),345,0,0.34743404388427734,False
Antarctica (AN),518,0,0.35788393020629883,False
Antarctica (AN),345,0,0.3692309856414795,False
Antarctica (AN),518,0,0.3793830871582031,False
Antarctica (AN),345,0,0.3915121555328369,False
Antarctica (AN),518,0,0.4025280475616455,False
Antarctica (AN),345,0,0.4135890007019043,False
Antarctica (AN),518,0,0.42451000213623047,False
Antarctica (AN),345,0,0.4358398914337158,False
Antarctica (AN),518,0,0.4465939998626709,False
Antarctica (AN),345,0,0.4568140506744385,False
Antarctica (AN),518,0,0.46923017501831055,False
Antarctica (AN),345,0,0.48035502433776855,False
Antarctica (AN),518,0,0.4914360046386719,False
Antarctica (AN),345,0,0.502784013748169,False
Antarctica (AN),518,0,0.5154280662536621,False
Antarctica (AN),345,0,0.526047945022583,False
Antarctica (AN),518,0,0.5365750789642334,False
Antarctica (AN),345,0,0.5468358993530273,False
Antarctica (AN),518,0,0.5579781532287598,False
Antarctica (AN),345,0,0.5689640045166016,False
Antarctica (AN),518,0,0.5794920921325684,False
Antarctica (AN),345,0,0.5896849632263184,False
Antarctica (AN),518,0,0.6022889614105225,False
Antarctica (AN),345,0,0.6134569644927979,False
Antarctica (AN),518,0,0.6238698959350586,False
Antarctica (AN),345,0,0.6340348720550537,False
Antarctica (AN),518,0,0.6443450450897217,False
Antarctica (AN),345,0,0.656886100769043,False
Antarctica (AN),518,0,0.6675441265106201,False
Antarctica (AN),345,0,0.6777899265289307,False
Antarctica (AN),518,0,0.6899828910827637,False
Antarctica (AN),345,0,0.7006289958953857,False
Antarctica (AN),518,0,0.7132978439331055,False
Antarctica (AN),345,0,0.7237188816070557,False
Antarctica (AN),518,0,0.7340190410614014,False
Antarctica (AN),345,0,0.7442469596862793,False
Antarctica (AN),518,0,0.7551648616790771,False
Antarctica (AN),345,0,0.7666909694671631,False
Antarctica (AN),518,0,0.7791049480438232,False
Antarctica (AN),345,0,0.7895429134368896,False
Antarctica (AN),518,0,0.8012809753417969,False
Antarctica (AN),345,0,0.8119139671325684,False
Antarctica (AN),518,0,0.8224461078643799,False
Antarctica (AN),345,0,0.833014965057373,False
Antarctica (AN),518,0,0.8433411121368408,False
Antarctica (AN),345,0,0.8555781841278076,False
Antarctica (AN),518,0,0.8665239810943604,False
Antarctica (AN),345,0,0.8790569305419922,False
Antarctica (AN),518,0,0.8918750286102295,False
Antarctica (AN),345,0,0.9034030437469482,False
Antarctica (AN),518,0,0.9155309200286865,False
Antarctica (AN),345,0,0.9274029731750488,False
Antarctica (AN),518,0,0.9376649856567383,False
Antarctica (AN),345,0,0.9503190517425537,False
Antarctica (AN),518,0,0.9617011547088623,False
Antarctica (AN),345,0,0.9729490280151367,False
Antarctica (AN),518,0,0.9835729598999023,False
Antarctica (AN),345,0,0.9943540096282959,False
Antarctica (AN),518,0,1.0064749717712402,False
Antarctica (AN),345,98,0.017030000686645508,True
Antarctica (AN),518,97,0.029082059860229492,True
Antarctica (AN),345,194,0.03933906555175781,True
Antarctica (AN),518,48,0.05198383331298828,True
Antarctica (AN),345,97,0.06409287452697754,True
Antarctica (AN),518,24,0.07485795021057129,True
Antarctica (AN),345,48,0.0851891040802002,True
Antarctica (AN),518,12,0.09661221504211426,True
Antarctica (AN),345,24,0.10672903060913086,True
Antarctica (AN),518,6,0.11720800399780273,True
Antarctica (AN),345,12,0.12986111640930176,True
Antarctica (AN),518,3,0.13998198509216309,False
Antarctica (AN),345,6,0.1526498794555664,True
Antarctica (AN),518,1,0.16532301902770996,False
Antarctica (AN),345,3,0.1779940128326416,False
Antarctica (AN),518,0,0.1890869140625,False
Antarctica (AN),345,1,0.20164704322814941,False
Antarctica (AN),518,0,0.21190404891967773,False
Antarctica (AN),345,0,0.22277402877807617,False
Antarctica (AN),518,0,0.23296523094177246,False
Antarctica (AN),345,0,0.24319005012512207,False
Antarctica (AN),518,0,0.25415992736816406,False
Antarctica (AN),345,0,0.26579880714416504,False
Antarctica (AN),518,0,0.2762460708618164,False
Antarctica (AN),345,0,0.2868521213531494,False
Antarctica (AN),518,0,0.29810619354248047,False
Antarctica (AN),345,0,0.30849575996398926,False
Antarctica (AN),518,0,0.3194260597229004,False
Antarctica (AN),345,0,0.33061814308166504,False
Antarctica (AN),518,0,0.34148597717285156,False
Antarctica (AN),345,0,0.3525819778442383,False
Antarctica (AN),518,0,0.36470985412597656,False
Antarctica (AN),345,0,0.3760209083557129,False
Antarctica (AN),518,0,0.38928890228271484,False
Antarctica (AN),345,0,0.4008750915527344,False
Antarctica (AN),518,0,0.41130495071411133,False
Antarctica (AN),345,0,0.4217860698699951,False
Antarctica (AN),518,0,0.43207406997680664,False
Antarctica (AN),345,0,0.44290614128112793,False
Antarctica (AN),518,0,0.45360398292541504,False
Antarctica (AN),345,0,0.46406102180480957,False
Antarctica (AN),518,0,0.4763960838317871,False
Antarctica (AN),345,0,0.4865710735321045,False
Antarctica (AN),518,0,0.4972212314605713,False
Antarctica (AN),345,0,0.5098040103912354,False
Antarctica (AN),518,0,0.5199201107025146,False
Antarctica (AN),345,0,0.5300631523132324,False
Antarctica (AN),518,0,0.5415239334106445,False
Antarctica (AN),345,0,0.5517969131469727,False
Antarctica (AN),518,0,0.5640850067138672,False
Antarctica (AN),345,0,0.574228048324585,False
Antarctica (AN),518,0,0.5853209495544434,False
Antarctica (AN),345,0,0.5979540348052979,False
Antarctica (AN),518,0,0.6089599132537842,False
Antarctica (AN),345,0,0.6200530529022217,False
Antarctica (AN),518,0,0.630234956741333,False
Antarctica (AN),345,0,0.6403689384460449,False
Antarctica (AN),518,0,0.6530308723449707,False
Antarctica (AN),345,0,0.6641678810119629,False
Antarctica (AN),518,0,0.6750729084014893,False
Antarctica (AN),345,0,0.6853771209716797,False
Antarctica (AN),518,0,0.6969668865203857,False
Antarctica (AN),345,0,0.7096920013427734,False
Antarctica (AN),518,0,0.7204091548919678,False
Antarctica (AN),345,0,0.7306349277496338,False
Antarctica (AN),518,0,0.7415192127227783,False
Antarctica (AN),345,0,0.7525918483734131,False
Antarctica (AN),518,0,0.7652621269226074,False
Antarctica (AN),345,0,0.7762141227722168,False
Antarctica (AN),518,0,0.7864129543304443,False
Antarctica (AN),345,0,0.7973771095275879,False
Antarctica (AN),518,0,0.8084030151367188,False
Antarctica (AN),345,0,0.8210690021514893,False
Antarctica (AN),518,0,0.8312649726867676,False
Antarctica (AN),345,0,0.8415369987487793,False
Antarctica (AN),518,0,0.8520150184631348,False
Antarctica (AN),345,0,0.8642010688781738,False
Antarctica (AN),518,0,0.87668776512146,False
Antarctica (AN),345,0,0.8886508941650391,False
Antarctica (AN),518,0,0.8993909358978271,False
Antarctica (AN),345,0,0.911761999130249,False
Antarctica (AN),518,0,0.9225749969482422,False
Antarctica (AN),345,0,0.9327359199523926,False
Antarctica (AN),518,0,0.9433379173278809,False
Antarctica (AN),345,0,0.953575849533081,False
Antarctica (AN),518,0,0.9662399291992188,False
Antarctica (AN),345,0,0.9769971370697021,False
Antarctica (AN),518,0,0.988929033279419,False
Antarctica (AN),345,0,0.9992580413818359,False
Antarctica (AN),518,0,1.009551763534546,False
Antarctica (AN),345,97,0.022215843200683594,True
Antarctica (AN),518,96,0.03244805335998535,True
Antarctica (AN),345,192,0.04276299476623535,True
Antarctica (AN),518,48,0.0532841682434082,True
Antarctica (AN),345,96,0.06461906433105469,True
Antarctica (AN),518,24,0.07496500015258789,True
Antarctica (AN),345,48,0.08717703819274902,True
Antarctica (AN),518,12,0.09982490539550781,True
Antarctica (AN),345,24,0.11158514022827148,True
Antarctica (AN),518,6,0.12188220024108887,True
Antarctica (AN),345,12,0.13222718238830566,True
Antarctica (AN),518,3,0.14297914505004883,False
Antarctica (AN),345,6,0.15561294555664062,True
Antarctica (AN),518,1,0.16770410537719727,False
Antarctica (AN),345,3,0.1792299747467041,False
Antarctica (AN),518,0,0.18947291374206543,False
Antarctica (AN),345,1,0.20007085800170898,False
Antarctica (AN),518,0,0.21271920204162598,False
Antarctica (AN),345,0,0.2229299545288086,False
Antarctica (AN),518,0,0.23433589935302734,False
Antarctica (AN),345,0,0.2461681365966797,False
Antarctica (AN),518,0,0.2588160037994385,False
Antarctica (AN),345,0,0.27062392234802246,False
Antarctica (AN),518,0,0.28168296813964844,False
Antarctica (AN),345,0,0.29265785217285156,False
Antarctica (AN),518,0,0.30278921127319336,False
Antarctica (AN),345,0,0.3150060176849365,False
Antarctica (AN),518,0,0.3263239860534668,False
Antarctica (AN),345,0,0.33658599853515625,False
Antarctica (AN),518,0,0.34687209129333496,False
Antarctica (AN),345,0,0.35788893699645996,False
Antarctica (AN),518,0,0.3680918216705322,False
Antarctica (AN),345,0,0.3807361125946045,False
Antarctica (AN),518,0,0.39177393913269043,False
Antarctica (AN),345,0,0.40444111824035645,False
Antarctica (AN),518,0,0.41663098335266113,False
Antarctica (AN),345,0,0.4292638301849365,False
Antarctica (AN),518,0,0.4396548271179199,False
Antarctica (AN),345,0,0.45230793952941895,False
Antarctica (AN),518,0,0.46496009826660156,False
Antarctica (AN),345,0,0.4757812023162842,False
Antarctica (AN),518,0,0.48607587814331055,False
Antarctica (AN),345,0,0.49707484245300293,False
Antarctica (AN),518,0,0.5092248916625977,False
Antarctica (AN),345,0,0.5194170475006104,False
Antarctica (AN),518,0,0.5298879146575928,False
Antarctica (AN),345,0,0.5412399768829346,False
Antarctica (AN),518,0,0.553199052810669,False
Antarctica (AN),345,0,0.5654690265655518,False
Antarctica (AN),518,0,0.5756118297576904,False
Antarctica (AN),345,0,0.5864419937133789,False
Antarctica (AN),518,0,0.5972130298614502,False
Antarctica (AN),345,0,0.6091189384460449,False
Antarctica (AN),518,0,0.6213040351867676,False
Antarctica (AN),345,0,0.6318919658660889,False
Antarctica (AN),518,0,0.6438078880310059,False
Antarctica (AN),345,0,0.6561799049377441,False
Antarctica (AN),518,0,0.6672389507293701,False
Antarctica (AN),345,0,0.6776230335235596,False
Antarctica (AN),518,0,0.6881511211395264,False
Antarctica (AN),345,0,0.6985900402069092,False
Antarctica (AN),518,0,0.7089579105377197,False
Antarctica (AN),345,0,0.720261812210083,False
Antarctica (AN),518,0,0.731550931930542,False
Antarctica (AN),345,0,0.7432608604431152,False
Antarctica (AN),518,0,0.7550280094146729,False
Antarctica (AN),345,0,0.767362117767334,False
Antarctica (AN),518,0,0.7792150974273682,False
Antarctica (AN),345,0,0.7918679714202881,False
Antarctica (AN),518,0,0.8045041561126709,False
Antarctica (AN),345,0,0.8166320323944092,False
Antarctica (AN),518,0,0.8291199207305908,False
Antarctica (AN),345,0,0.8415758609771729,False
Antarctica (AN),518,0,0.8537189960479736,False
Antarctica (AN),345,0,0.8655600547790527,False
Antarctica (AN),518,0,0.8763861656188965,False
Antarctica (AN),345,0,0.8871879577636719,False
Antarctica (AN),518,0,0.8975059986114502,False
Antarctica (AN),345,0,0.9079601764678955,False
Antarctica (AN),518,0,0.9184489250183105,False
Antarctica (AN),345,0,0.929811954498291,False
Antarctica (AN),518,0,0.9399411678314209,False
Antarctica (AN),345,0,0.9525659084320068,False
Antarctica (AN),518,0,0.9630401134490967,False
Antarctica (AN),345,0,0.9756941795349121,False
Antarctica (AN),518,0,0.9862539768218994,False
Antarctica (AN),345,0,0.9989261627197266,False
Asia (AS),257,0,42.00949001312256,False
Asia (AS),229,0,42.02006411552429,False
Asia (AS),237,0,42.03182005882263,False
Asia (AS),317,0,41.042128801345825,False
Asia (AS),257,0,0.05472588539123535,False
Asia (AS),229,0,0.06661820411682129,False
Asia (AS),237,0,0.07912087440490723,False
Asia (AS),317,0,0.09161806106567383,False
Asia (AS),257,0,0.10429596900939941,False
Asia (AS),229,0,0.11549687385559082,False
Asia (AS),237,0,0.1281731128692627,False
Asia (AS),317,0,0.13932108879089355,False
Asia (AS),257,0,0.15192699432373047,False
Asia (AS),229,0,0.16289401054382324,False
Asia (AS),237,0,0.17304491996765137,False
Asia (AS),317,0,0.1831979751586914,False
Asia (AS),257,0,0.19471311569213867,False
Asia (AS),229,0,0.20659780502319336,False
Asia (AS),237,0,0.21678590774536133,False
Asia (AS),317,0,0.22941803932189941,False
Asia (AS),257,0,0.24155116081237793,False
Asia (AS),229,0,0.25183582305908203,False
Asia (AS),237,0,0.26332592964172363,False
Asia (AS),317,0,0.27457404136657715,False
Asia (AS),257,0,0.28521084785461426,False
Asia (AS),229,0,0.2978849411010742,False
Asia (AS),237,0,0.3105437755584717,False
Asia (AS),317,0,0.32085514068603516,False
Asia (AS),257,0,0.33098292350769043,False
Asia (AS),229,0,0.3415830135345459,False
Asia (AS),237,0,0.3520960807800293,False
Asia (AS),317,0,0.36259889602661133,False
Asia (AS),257,0,0.37304019927978516,False
Asia (AS),229,0,0.38344287872314453,False
Asia (AS),237,0,0.3937389850616455,False
Asia (AS),317,0,0.40636205673217773,False
Asia (AS),257,0,0.4173619747161865,False
Asia (AS),229,0,0.42847418785095215,False
Asia (AS),237,0,0.43938302993774414,False
Asia (AS),317,0,0.44997310638427734,False
Asia (AS),257,0,0.46213197708129883,False
Asia (AS),229,0,0.4722249507904053,False
Asia (AS),237,0,0.4823639392852783,False
Asia (AS),317,0,0.4925811290740967,False
Asia (AS),257,0,0.5040199756622314,False
Asia (AS),229,0,0.5166120529174805,False
Asia (AS),237,0,0.527508020401001,False
Asia (AS),317,0,0.538283109664917,False
Asia (AS),257,0,0.55088210105896,False
Asia (AS),229,0,0.5617101192474365,False
Asia (AS),237,0,0.5743629932403564,False
Asia (AS),317,0,0.5854341983795166,False
Asia (AS),257,0,0.5959980487823486,False
Asia (AS),229,0,0.6062221527099609,False
Asia (AS),237,0,0.6166541576385498,False
Asia (AS),317,0,0.6293189525604248,False
Asia (AS),257,0,0.6398348808288574,False
Asia (AS),229,0,0.650266170501709,False
Asia (AS),237,0,0.66292405128479,False
Asia (AS),317,0,0.6752350330352783,False
Asia (AS),257,0,0.6857740879058838,False
Asia (AS),229,0,0.6966888904571533,False
Asia (AS),237,0,0.7071621417999268,False
Asia (AS),317,0,0.7173900604248047,False
Asia (AS),257,0,0.7291738986968994,False
Asia (AS),229,0,0.7402591705322266,False
Asia (AS),237,0,0.7530848979949951,False
Asia (AS),317,0,0.7657918930053711,False
Asia (AS),257,0,0.7769579887390137,False
Asia (AS),229,0,0.7894270420074463,False
Asia (AS),237,0,0.8006598949432373,False
Asia (AS),317,0,0.8133060932159424,False
Asia (AS),257,0,0.8238131999969482,False
Asia (AS),229,0,0.8339080810546875,False
Asia (AS),237,0,0.8465080261230469,False
Asia (AS),317,0,0.8567678928375244,False
Asia (AS),257,0,0.8671369552612305,False
Asia (AS),229,0,0.8791429996490479,False
Asia (AS),237,0,0.8893420696258545,False
Asia (AS),317,0,0.8997881412506104,False
Asia (AS),257,0,0.912147045135498,False
Asia (AS),229,0,0.9225678443908691,False
Asia (AS),237,0,0.9328939914703369,False
Asia (AS),317,0,0.9439008235931396,False
Asia (AS),257,0,0.9547288417816162,False
Asia (AS),229,0,0.9666118621826172,False
Asia (AS),237,0,0.9790949821472168,False
Asia (AS),317,0,0.991563081741333,False
Asia (AS),257,0,1.0042240619659424,False
Asia (AS),229,0,1.0166411399841309,False
Asia (AS),237,0,1.0291030406951904,False
Asia (AS),317,95,0.042095184326171875,True
Asia (AS),257,0,0.05474090576171875,False
Asia (AS),229,0,0.06664609909057617,False
Asia (AS),237,0,0.07913708686828613,False
Asia (AS),317,47,0.0893399715423584,True
Asia (AS),257,0,0.09988808631896973,False
Asia (AS),229,0,0.11086583137512207,False
Asia (AS),237,0,0.12275290489196777,False
Asia (AS),317,23,0.13418006896972656,True
Asia (AS),257,0,0.14489507675170898,False
Asia (AS),229,0,0.15535902976989746,False
Asia (AS),237,0,0.16802096366882324,False
Asia (AS),317,11,0.17917799949645996,True
Asia (AS),257,0,0.19022202491760254,False
Asia (AS),229,0,0.20281600952148438,False
Asia (AS),237,0,0.2143239974975586,False
Asia (AS),317,5,0.22525787353515625,False
Asia (AS),257,0,0.23714995384216309,False
Asia (AS),229,0,0.24875283241271973,False
Asia (AS),237,0,0.26029491424560547,False
Asia (AS),317,2,0.2742340564727783,False
Asia (AS),257,0,0.2848219871520996,False
Asia (AS),229,0,0.29723596572875977,False
Asia (AS),237,0,0.3081321716308594,False
Asia (AS),317,1,0.31861400604248047,False
Asia (AS),257,0,0.33071112632751465,False
Asia (AS),229,0,0.35843515396118164,False
Asia (AS),237,0,0.36971116065979004,False
Asia (AS),317,0,0.38189101219177246,False
Asia (AS),257,0,0.39203882217407227,False
Asia (AS),229,0,0.4061551094055176,False
Asia (AS),237,0,0.41719603538513184,False
Asia (AS),317,0,0.42791199684143066,False
Asia (AS),257,0,0.43825197219848633,False
Asia (AS),229,0,0.4490938186645508,False
Asia (AS),237,0,0.461076021194458,False
Asia (AS),317,0,0.4711921215057373,False
Asia (AS),257,0,0.4819021224975586,False
Asia (AS),229,0,0.49199581146240234,False
Asia (AS),237,0,0.5023419857025146,False
Asia (AS),317,0,0.5126330852508545,False
Asia (AS),257,0,0.5228300094604492,False
Asia (AS),229,0,0.5333170890808105,False
Asia (AS),237,0,0.545417070388794,False
Asia (AS),317,0,0.556135892868042,False
Asia (AS),257,0,0.5667431354522705,False
Asia (AS),229,0,0.57834792137146,False
Asia (AS),237,0,0.5893609523773193,False
Asia (AS),317,0,0.6021108627319336,False
Asia (AS),257,0,0.6131241321563721,False
Asia (AS),229,0,0.625777006149292,False
Asia (AS),237,0,0.6363179683685303,False
Asia (AS),317,0,0.6466889381408691,False
Asia (AS),257,0,0.6573708057403564,False
Asia (AS),229,0,0.6689460277557373,False
Asia (AS),237,0,0.6802959442138672,False
Asia (AS),317,0,0.6916630268096924,False
Asia (AS),257,0,0.7020988464355469,False
Asia (AS),229,0,0.7125818729400635,False
Asia (AS),237,0,0.723376989364624,False
Asia (AS),317,0,0.7335858345031738,False
Asia (AS),257,0,0.7441411018371582,False
Asia (AS),229,0,0.756166934967041,False
Asia (AS),237,0,0.768043041229248,False
Asia (AS),317,0,0.7783780097961426,False
Asia (AS),257,0,0.7886669635772705,False
Asia (AS),229,0,0.7988429069519043,False
Asia (AS),237,0,0.8098061084747314,False
Asia (AS),317,0,0.8200838565826416,False
Asia (AS),257,0,0.8314681053161621,False
Asia (AS),229,0,0.8417301177978516,False
Asia (AS),237,0,0.8543350696563721,False
Asia (AS),317,0,0.8666269779205322,False
Asia (AS),257,0,0.8770601749420166,False
Asia (AS),229,0,0.887653112411499,False
Asia (AS),237,0,0.8982667922973633,False
Asia (AS),317,0,0.9090948104858398,False
Asia (AS),257,0,0.919295072555542,False
Asia (AS),229,0,0.9294478893280029,False
Asia (AS),237,0,0.9396400451660156,False
Asia (AS),317,0,0.9499759674072266,False
Asia (AS),257,0,0.9605469703674316,False
Asia (AS),229,0,0.9715859889984131,False
Asia (AS),237,0,0.9822509288787842,False
Asia (AS),317,0,0.9924118518829346,False
Asia (AS),257,0,1.0051991939544678,False
Asia (AS),229,0,1.0166771411895752,False
Asia (AS),237,0,1.029127836227417,False
Asia (AS),317,96,0.039285898208618164,True
Asia (AS),257,0,0.05211186408996582,False
Asia (AS),229,0,0.06476283073425293,False
Asia (AS),237,0,0.07593178749084473,False
Asia (AS),317,48,0.08635807037353516,True
Asia (AS),257,0,0.09902596473693848,False
Asia (AS),229,0,0.10949993133544922,False
Asia (AS),237,0,0.12107706069946289,False
Asia (AS),317,24,0.13264799118041992,True
Asia (AS),257,0,0.14299607276916504,False
Asia (AS),229,0,0.15415406227111816,False
Asia (AS),237,0,0.166672945022583,False
Asia (AS),317,12,0.17913603782653809,True
Asia (AS),257,0,0.1895160675048828,False
Asia (AS),229,0,0.20216703414916992,False
Asia (AS),237,0,0.21245098114013672,False
Asia (AS),317,6,0.22320795059204102,True
Asia (AS),257,0,0.23435688018798828,False
Asia (AS),229,0,0.2447957992553711,False
Asia (AS),237,0,0.25495290756225586,False
Asia (AS),317,3,0.26679491996765137,False
Asia (AS),257,0,0.27695798873901367,False
Asia (AS),229,0,0.28707408905029297,False
Asia (AS),237,0,0.29906797409057617,False
Asia (AS),317,1,0.31005096435546875,False
Asia (AS),257,0,0.3202390670776367,False
Asia (AS),229,0,0.3307929039001465,False
Asia (AS),237,0,0.34128785133361816,False
Asia (AS),317,0,0.3539309501647949,False
Asia (AS),257,0,0.36663103103637695,False
Asia (AS),229,0,0.37731099128723145,False
Asia (AS),237,0,0.3875269889831543,False
Asia (AS),317,0,0.39801692962646484,False
Asia (AS),257,0,0.40984392166137695,False
Asia (AS),229,0,0.4225149154663086,False
Asia (AS),237,0,0.4341261386871338,False
Asia (AS),317,0,0.4451460838317871,False
Asia (AS),257,0,0.4563469886779785,False
Asia (AS),229,0,0.4684631824493408,False
Asia (AS),237,0,0.4791839122772217,False
Asia (AS),317,0,0.4917459487915039,False
Asia (AS),257,0,0.5045030117034912,False
Asia (AS),229,0,0.5171079635620117,False
Asia (AS),237,0,0.5291640758514404,False
Asia (AS),317,0,0.5418281555175781,False
Asia (AS),257,0,0.5523409843444824,False
Asia (AS),229,0,0.5625011920928955,False
Asia (AS),237,0,0.5748169422149658,False
Asia (AS),317,0,0.5857658386230469,False
Asia (AS),257,0,0.5962409973144531,False
Asia (AS),229,0,0.6072080135345459,False
Asia (AS),237,0,0.617682933807373,False
Asia (AS),317,0,0.6291577816009521,False
Asia (AS),257,0,0.6399638652801514,False
Asia (AS),229,0,0.6502330303192139,False
Asia (AS),237,0,0.6628952026367188,False
Asia (AS),317,0,0.6734771728515625,False
Asia (AS),257,0,0.6857128143310547,False
Asia (AS),229,0,0.6978070735931396,False
Asia (AS),237,0,0.7102668285369873,False
Asia (AS),317,0,0.7214529514312744,False
Asia (AS),257,0,0.731787919998169,False
Asia (AS),229,0,0.7431018352508545,False
Asia (AS),237,0,0.7537100315093994,False
Asia (AS),317,0,0.7663769721984863,False
Asia (AS),257,0,0.7789571285247803,False
Asia (AS),229,0,0.7900609970092773,False
Asia (AS),237,0,0.801537036895752,False
Asia (AS),317,0,0.8143138885498047,False
Asia (AS),257,0,0.8249390125274658,False
Asia (AS),229,0,0.8351190090179443,False
Asia (AS),237,0,0.8477659225463867,False
Asia (AS),317,0,0.8604128360748291,False
Asia (AS),257,0,0.8705511093139648,False
Asia (AS),229,0,0.8817348480224609,False
Asia (AS),237,0,0.8939189910888672,False
Asia (AS),317,0,0.9047839641571045,False
Asia (AS),257,0,0.9167261123657227,False
Asia (AS),229,0,0.9292171001434326,False
Asia (AS),237,0,0.9416608810424805,False
Asia (AS),317,0,0.9535620212554932,False
Asia (AS),257,0,0.9655721187591553,False
Asia (AS),229,0,0.9763979911804199,False
Asia (AS),237,0,0.9879629611968994,False
Asia (AS),317,0,1.0005707740783691,False
Asia (AS),257,0,1.0132548809051514,False
Asia (AS),229,0,1.024596929550171,False
Asia (AS),237,96,0.03647208213806152,True
Asia (AS),317,95,0.046629905700683594,True
Asia (AS),257,0,0.05804276466369629,False
Asia (AS),229,0,0.07069206237792969,False
Asia (AS),237,48,0.08243203163146973,True
Asia (AS),317,47,0.09284210205078125,True
Asia (AS),257,0,0.10428690910339355,False
Asia (AS),229,0,0.11671304702758789,False
Asia (AS),237,24,0.1292109489440918,True
Asia (AS),317,23,0.14061689376831055,True
Europe (EU),357,0,40.15088415145874,False
Europe (EU),215,0,40.16355895996094,False
Europe (EU),343,0,40.17474889755249,False
Europe (EU),235,0,40.18530201911926,False
Europe (EU),482,0,40.19560098648071,False
Europe (EU),538,0,40.20707988739014,False
Europe (EU),357,0,0.21726417541503906,False
Europe (EU),215,0,0.229233980178833,False
Europe (EU),343,0,0.2416520118713379,False
Europe (EU),235,0,0.2530970573425293,False
Europe (EU),482,0,0.26505494117736816,False
Europe (EU),538,0,0.2752819061279297,False
Europe (EU),357,0,0.2861597537994385,False
Europe (EU),215,0,0.296860933303833,False
Europe (EU),343,0,0.30797600746154785,False
Europe (EU),235,0,0.3190488815307617,False
Europe (EU),482,0,0.33155107498168945,False
Europe (EU),538,0,0.34165310859680176,False
Europe (EU),357,0,0.3535580635070801,False
Europe (EU),215,0,0.3662080764770508,False
Europe (EU),343,0,0.3769199848175049,False
Europe (EU),235,0,0.38826704025268555,False
Europe (EU),482,0,0.3992471694946289,False
Europe (EU),538,0,0.4098548889160156,False
Europe (EU),357,0,0.42253684997558594,False
Europe (EU),215,0,0.43338894844055176,False
Europe (EU),343,0,0.44425201416015625,False
Europe (EU),235,0,0.45467710494995117,False
Europe (EU),482,0,0.4666922092437744,False
Europe (EU),538,0,0.4791998863220215,False
Europe (EU),357,0,0.4894120693206787,False
Europe (EU),215,0,0.5020768642425537,False
Europe (EU),343,0,0.5147578716278076,False
Europe (EU),235,0,0.5265111923217773,False
Europe (EU),482,0,0.5391008853912354,False
Europe (EU),538,0,0.549889087677002,False
Europe (EU),357,0,0.5625379085540771,False
Europe (EU),215,0,0.5731770992279053,False
Europe (EU),343,0,0.5857839584350586,False
Europe (EU),235,0,0.5983920097351074,False
Europe (EU),482,0,0.6103229522705078,False
Europe (EU),538,0,0.6211929321289062,False
Europe (EU),357,0,0.6324789524078369,False
Europe (EU),215,0,0.6431899070739746,False
Europe (EU),343,0,0.6541719436645508,False
Europe (EU),235,0,0.6668741703033447,False
Europe (EU),482,0,0.6793348789215088,False
Europe (EU),538,0,0.6894841194152832,False
Europe (EU),357,0,0.699570894241333,False
Europe (EU),215,0,0.7096879482269287,False
Europe (EU),343,0,0.722357988357544,False
Europe (EU),235,0,0.7335622310638428,False
Europe (EU),482,0,0.7436599731445312,False
Europe (EU),538,0,0.756364107131958,False
Europe (EU),357,0,0.7668931484222412,False
Europe (EU),215,0,0.7797520160675049,False
Europe (EU),343,0,0.7917020320892334,False
Europe (EU),235,0,0.803400993347168,False
Europe (EU),482,0,0.813697099685669,False
Europe (EU),538,0,0.8240928649902344,False
Europe (EU),357,0,0.8342859745025635,False
Europe (EU),215,0,0.845736026763916,False
Europe (EU),343,0,0.8566720485687256,False
Europe (EU),235,0,0.868574857711792,False
Europe (EU),482,0,0.8793630599975586,False
Europe (EU),538,0,0.8917100429534912,False
Europe (EU),357,0,0.9043781757354736,False
Europe (EU),215,0,0.9168200492858887,False
Europe (EU),343,0,0.9292469024658203,False
Europe (EU),235,0,0.9417059421539307,False
Europe (EU),482,0,0.952617883682251,False
Europe (EU),538,0,0.963568925857544,False
Europe (EU),357,0,0.9745490550994873,False
Europe (EU),215,0,0.9847900867462158,False
Europe (EU),343,0,0.9967648983001709,False
Europe (EU),235,0,1.0072460174560547,False
Europe (EU),482,0,1.0174190998077393,False
Europe (EU),538,0,1.0291969776153564,False
Europe (EU),357,0,1.041658878326416,False
Europe (EU),215,0,1.0527360439300537,False
Europe (EU),343,0,0.0653848648071289,False
Europe (EU),235,0,0.0765540599822998,False
Europe (EU),482,0,0.0866701602935791,False
Europe (EU),538,0,0.09919095039367676,False
Europe (EU),357,0,0.1102440357208252,False
Europe (EU),215,0,0.1228950023651123,False
Europe (EU),343,0,0.13323116302490234,False
Europe (EU),235,0,0.1458580493927002,False
Europe (EU),482,0,0.15735602378845215,False
Europe (EU),538,0,0.1676318645477295,False
Europe (EU),357,0,0.17923998832702637,False
Europe (EU),215,0,0.19170498847961426,False
Europe (EU),343,0,0.2025909423828125,False
Europe (EU),235,0,0.21300196647644043,False
Europe (EU),482,0,0.2241971492767334,False
Europe (EU),538,0,0.2351517677307129,False
Europe (EU),357,0,0.2454221248626709,False
Europe (EU),215,0,0.2570219039916992,False
Europe (EU),343,0,0.26764893531799316,False
Europe (EU),235,0,0.2786381244659424,False
Europe (EU),482,0,0.28920602798461914,False
Europe (EU),538,0,0.29952216148376465,False
Europe (EU),357,0,0.30988216400146484,False
Europe (EU),215,0,0.32110095024108887,False
Europe (EU),343,0,0.3315918445587158,False
Europe (EU),235,0,0.3423948287963867,False
Europe (EU),482,0,0.35514187812805176,False
Europe (EU),538,0,0.3671998977661133,False
Europe (EU),357,0,0.3774099349975586,False
Europe (EU),215,0,0.3882710933685303,False
Europe (EU),343,0,0.398967981338501,False
Europe (EU),235,0,0.4100809097290039,False
Europe (EU),482,0,0.4227468967437744,False
Europe (EU),538,0,0.4344639778137207,False
Europe (EU),357,0,0.4448099136352539,False
Europe (EU),215,0,0.45717716217041016,False
Europe (EU),343,0,0.4673500061035156,False
Europe (EU),235,0,0.47928500175476074,False
Europe (EU),482,0,0.49011993408203125,False
Europe (EU),538,0,0.5012648105621338,False
Europe (EU),357,0,0.5139610767364502,False
Europe (EU),215,0,0.5266401767730713,False
Europe (EU),343,0,0.5372989177703857,False
Europe (EU),235,0,0.5476758480072021,False
Europe (EU),482,0,0.5588631629943848,False
Europe (EU),538,0,0.57151198387146,False
Europe (EU),357,0,0.5819258689880371,False
Europe (EU),215,0,0.5933351516723633,False
Europe (EU),343,0,0.6036620140075684,False
Europe (EU),235,0,0.6141848564147949,False
Europe (EU),482,0,0.625140905380249,False
Europe (EU),538,0,0.6356160640716553,False
Europe (EU),357,0,0.6457540988922119,False
Europe (EU),215,0,0.6569080352783203,False
Europe (EU),343,0,0.6672780513763428,False
Europe (EU),235,0,0.6785509586334229,False
Europe (EU),482,0,0.6896059513092041,False
Europe (EU),538,0,0.7007439136505127,False
Europe (EU),357,0,0.7116279602050781,False
Europe (EU),215,0,0.7242250442504883,False
Europe (EU),343,0,0.7354891300201416,False
Europe (EU),235,0,0.7473049163818359,False
Europe (EU),482,0,0.759955883026123,False
Europe (EU),538,0,0.7718679904937744,False
Europe (EU),357,0,0.7842931747436523,False
Europe (EU),215,0,0.7949240207672119,False
Europe (EU),343,0,0.8076601028442383,False
Europe (EU),235,0,0.8196780681610107,False
Europe (EU),482,0,0.8314030170440674,False
Europe (EU),538,0,0.8426129817962646,False
Europe (EU),357,0,0.8552608489990234,False
Europe (EU),215,0,0.8655970096588135,False
Europe (EU),343,0,0.8772830963134766,False
Europe (EU),235,0,0.8887779712677002,False
Europe (EU),482,0,0.8993768692016602,False
Europe (EU),538,0,0.9099209308624268,False
Europe (EU),357,0,0.9223291873931885,False
Europe (EU),215,0,0.9349620342254639,False
Europe (EU),343,0,0.9465839862823486,False
Europe (EU),235,0,0.960150957107544,False
Europe (EU),482,0,0.9705700874328613,False
Europe (EU),538,0,0.9809179306030273,False
Europe (EU),357,0,0.9925060272216797,False
Europe (EU),215,0,1.004159927368164,False
Europe (EU),343,0,1.0168120861053467,False
Europe (EU),235,0,1.0292599201202393,False
Europe (EU),482,0,1.0417139530181885,False
Europe (EU),538,0,1.0533509254455566,False
Europe (EU),357,0,0.06614804267883301,False
Europe (EU),215,0,0.0766451358795166,False
Europe (EU),343,0,0.08702802658081055,False
Europe (EU),235,0,0.09733295440673828,False
Europe (EU),482,0,0.10993194580078125,False
Europe (EU),538,0,0.12217283248901367,False
Europe (EU),357,0,0.1328420639038086,False
Europe (EU),215,0,0.14308404922485352,False
Europe (EU),343,0,0.15341496467590332,False
Europe (EU),235,0,0.16395115852355957,False
Europe (EU),482,0,0.1766960620880127,False
Europe (EU),538,0,0.18689680099487305,False
Europe (EU),357,0,0.19948697090148926,False
Europe (EU),215,0,0.2103428840637207,False
Europe (EU),343,0,0.2223799228668213,False
Europe (EU),235,0,0.2349720001220703,False
Europe (EU),482,0,0.24646902084350586,False
Europe (EU),538,0,0.2588779926300049,False
Europe (EU),357,0,0.2694520950317383,False
Europe (EU),215,0,0.2795560359954834,False
Europe (EU),343,0,0.2900102138519287,False
Europe (EU),235,0,0.30048513412475586,False
Europe (EU),482,0,0.31259703636169434,False
Europe (EU),538,0,0.32341504096984863,False
Europe (EU),357,0,0.3337569236755371,False
Europe (EU),215,0,0.34464097023010254,False
Europe (EU),343,0,0.3573179244995117,False
Europe (EU),235,0,0.3679821491241455,False
Europe (EU),482,0,0.3789339065551758,False
Europe (EU),538,0,0.39061713218688965,False
Europe (EU),357,0,0.4029581546783447,False
Europe (EU),215,0,0.4133429527282715,False
Europe (EU),343,0,0.4259960651397705,False
Europe (EU),235,0,0.4386329650878906,False
Europe (EU),482,0,0.44913697242736816,False
Europe (EU),538,0,0.4595468044281006,False
Europe (EU),357,0,0.47222089767456055,False
Europe (EU),215,0,0.4826939105987549,False
Europe (EU),343,0,0.49298095703125,False
Europe (EU),235,0,0.5050628185272217,False
Europe (EU),482,0,0.51544189453125,False
Europe (EU),538,0,0.5256478786468506,False
Europe (EU),357,0,0.5363049507141113,False
Europe (EU),215,0,0.5466489791870117,False
Europe (EU),343,0,0.5569798946380615,False
Europe (EU),235,0,0.5679149627685547,False
Europe (EU),482,0,0.5804438591003418,False
Europe (EU),538,0,0.5907549858093262,False
Europe (EU),357,0,0.6011781692504883,False
Europe (EU),215,0,0.6133990287780762,False
Europe (EU),343,0,0.6241800785064697,False
Europe (EU),235,0,0.6357300281524658,False
Europe (EU),482,0,0.6460001468658447,False
Europe (EU),538,0,0.6578280925750732,False
Europe (EU),357,0,0.6683478355407715,False
Europe (EU),215,0,0.6792571544647217,False
Europe (EU),343,0,0.6917910575866699,False
Europe (EU),235,0,0.7038478851318359,False
Europe (EU),482,0,0.7156741619110107,False
Europe (EU),538,0,0.7261428833007812,False
Europe (EU),357,0,0.7364201545715332,False
Europe (EU),215,0,0.7490701675415039,False
Europe (EU),343,0,0.7593479156494141,False
Europe (EU),235,0,0.7703969478607178,False
Europe (EU),482,0,0.7820968627929688,False
Europe (EU),538,0,0.7923710346221924,False
Europe (EU),357,0,0.8050189018249512,False
Europe (EU),215,0,0.8167710304260254,False
Europe (EU),343,0,0.8292479515075684,False
Europe (EU),235,0,0.8393690586090088,False
Europe (EU),482,0,0.8511590957641602,False
Europe (EU),538,0,0.8634939193725586,False
Europe (EU),357,0,0.8737289905548096,False
Europe (EU),215,0,0.8849680423736572,False
Europe (EU),343,0,0.8975930213928223,False
Europe (EU),235,0,0.90995192527771,False
Europe (EU),482,0,0.92258620262146,False
Europe (EU),538,0,0.9345588684082031,False
Europe (EU),357,0,0.9472560882568359,False
Europe (EU),215,0,0.9574010372161865,False
Europe (EU),343,0,0.9700422286987305,False
Europe (EU),235,0,0.9816360473632812,False
Europe (EU),482,0,0.9917628765106201,False
Europe (EU),538,0,1.0044851303100586,False
Europe (EU),357,0,1.0148100852966309,False
Europe (EU),215,0,1.0266010761260986,False
Europe (EU),343,0,1.0367090702056885,False
Europe (EU),235,0,1.0468850135803223,False
Europe (EU),482,0,0.05823111534118652,False
Europe (EU),538,0,0.06896209716796875,False
Europe (EU),357,0,0.0792989730834961,False
Europe (EU),215,0,0.08958315849304199,False
Europe (EU),343,0,0.10105490684509277,False
Europe (EU),235,0,0.11368489265441895,False
Europe (EU),482,0,0.12496519088745117,False
Europe (EU),538,0,0.13541889190673828,False
Europe (EU),357,0,0.14810705184936523,False
Europe (EU),215,0,0.1585090160369873,False
Europe (EU),343,0,0.16869711875915527,False
Europe (EU),235,0,0.17933392524719238,False
Europe (EU),482,0,0.19173288345336914,False
Europe (EU),538,0,0.20444798469543457,False
Europe (EU),357,0,0.215407133102417,False
Europe (EU),215,0,0.22803092002868652,False
Europe (EU),343,0,0.2383739948272705,False
Europe (EU),235,0,0.2495710849761963,False
Europe (EU),482,0,0.2597339153289795,False
Europe (EU),538,0,0.2701530456542969,False
Europe (EU),357,0,0.28169703483581543,False
Europe (EU),215,0,0.29209303855895996,False
Europe (EU),343,0,0.30315494537353516,False
Europe (EU),235,0,0.3146538734436035,False
Europe (EU),482,0,0.32477807998657227,False
Europe (EU),538,0,0.3372189998626709,False
Europe (EU),357,0,0.34741806983947754,False
Europe (EU),215,0,0.35752391815185547,False
Europe (EU),343,0,0.3681521415710449,False
Europe (EU),235,0,0.3793017864227295,False
Europe (EU),482,0,0.38991498947143555,False
Europe (EU),538,0,0.40255212783813477,False
Europe (EU),357,0,0.4129788875579834,False
Europe (EU),215,0,0.42319416999816895,False
Europe (EU),343,0,0.43433284759521484,False
Europe (EU),235,0,0.44446802139282227,False
Europe (EU),482,0,0.45665597915649414,False
Europe (EU),538,0,0.46760082244873047,False
Europe (EU),357,0,0.4793269634246826,False
Europe (EU),215,0,0.4895491600036621,False
Europe (EU),343,0,0.4998960494995117,False
Europe (EU),235,0,0.5105710029602051,False
Europe (EU),482,0,0.5234589576721191,False
Europe (EU),538,0,0.5340228080749512,False
Europe (EU),357,0,0.5454111099243164,False
Europe (EU),215,0,0.5570240020751953,False
Europe (EU),343,0,0.567223072052002,False
Europe (EU),235,0,0.579787015914917,False
Europe (EU),482,0,0.5900049209594727,False
Europe (EU),538,0,0.6026639938354492,False
Europe (EU),357,0,0.6153101921081543,False
Europe (EU),215,0,0.6266059875488281,False
Europe (EU),343,0,0.6369099617004395,False
Europe (EU),235,0,0.6471800804138184,False
Europe (EU),482,0,0.6598420143127441,False
Europe (EU),538,0,0.6725559234619141,False
Europe (EU),357,0,0.6831738948822021,False
Europe (EU),215,0,0.6948649883270264,False
Europe (EU),343,0,0.7072849273681641,False
Europe (EU),235,0,0.7174599170684814,False
Europe (EU),482,0,0.7293040752410889,False
Europe (EU),538,0,0.7418010234832764,False
Europe (EU),357,0,0.7545888423919678,False
Europe (EU),215,0,0.7668211460113525,False
Europe (EU),343,0,0.7771430015563965,False
Europe (EU),235,0,0.7875521183013916,False
Europe (EU),482,0,0.8003330230712891,False
Europe (EU),538,0,0.813011884689331,False
Europe (EU),357,0,0.8256740570068359,False
Europe (EU),215,0,0.8361799716949463,False
Europe (EU),343,0,0.8487820625305176,False
Europe (EU),235,0,0.8614480495452881,False
Europe (EU),482,0,0.8741099834442139,False
Europe (EU),538,0,0.8845160007476807,False
Europe (EU),357,0,0.8951799869537354,False
Europe (EU),215,0,0.9058690071105957,False
Europe (EU),343,0,0.9174020290374756,False
Europe (EU),235,0,0.9293429851531982,False
Europe (EU),482,0,0.9417850971221924,False
Europe (EU),538,0,0.9540619850158691,False
Europe (EU),357,0,0.9667420387268066,False
Europe (EU),215,0,0.9779660701751709,False
Europe (EU),343,0,0.9906020164489746,False
Europe (EU),235,0,1.000826120376587,False
Europe (EU),482,0,1.0109691619873047,False
Europe (EU),538,0,1.0236458778381348,False
Europe (EU),357,0,1.0347039699554443,False
Europe (EU),215,0,1.0449509620666504,False
Europe (EU),343,0,0.057205915451049805,False
Europe (EU),235,0,0.06751585006713867,False
Europe (EU),482,0,0.08013486862182617,False
Europe (EU),538,0,0.09050798416137695,False
Europe (EU),357,0,0.10114192962646484,False
Europe (EU),215,0,0.11353802680969238,False
Europe (EU),343,0,0.12405800819396973,False
Europe (EU),235,0,0.13451385498046875,False
Europe (EU),482,0,0.14488601684570312,False
Europe (EU),538,0,0.15636205673217773,False
Europe (EU),357,0,0.16683220863342285,False
Europe (EU),215,0,0.17963099479675293,False
Europe (EU),343,0,0.19177913665771484,False
Europe (EU),235,0,0.20195722579956055,False
Europe (EU),482,0,0.21460604667663574,False
Europe (EU),538,0,0.22500085830688477,False
Europe (EU),357,0,0.23613691329956055,False
Europe (EU),215,0,0.24878787994384766,False
Europe (EU),343,0,0.26143479347229004,False
Europe (EU),235,0,0.2721121311187744,False
Europe (EU),482,0,0.28230977058410645,False
Europe (EU),538,0,0.2926900386810303,False
Europe (EU),357,0,0.30510377883911133,False
Europe (EU),215,0,0.31683778762817383,False
Europe (EU),343,0,0.329395055770874,False
Europe (EU),235,0,0.34177684783935547,False
Europe (EU),482,0,0.35246992111206055,False
Europe (EU),538,0,0.36370396614074707,False
Europe (EU),357,0,0.3765718936920166,False
Europe (EU),215,0,0.38846302032470703,False
Europe (EU),343,0,0.40053510665893555,False
Europe (EU),235,0,0.41327786445617676,False
Europe (EU),482,0,0.4235661029815674,False
Europe (EU),538,0,0.43398594856262207,False
Europe (EU),357,0,0.44622206687927246,False
Europe (EU),215,0,0.4566969871520996,False
Europe (EU),343,0,0.46704578399658203,False
Europe (EU),235,0,0.4793698787689209,False
North America (NA),546,0,44.49183011054993,False
North America (NA),246,0,44.503649950027466,False
North America (NA),454,0,44.514222145080566,False
North America (NA),422,0,44.52468299865723,False
North America (NA),335,0,44.534960985183716,False
North America (NA),441,0,44.54524111747742,False
North America (NA),546,0,0.5567770004272461,False
North America (NA),246,0,0.567119836807251,False
North America (NA),454,0,0.5772340297698975,False
North America (NA),422,0,0.5881099700927734,False
North America (NA),335,0,0.598966121673584,False
North America (NA),441,0,0.6092610359191895,False
North America (NA),546,0,0.6199171543121338,False
North America (NA),246,0,0.6318569183349609,False
North America (NA),454,0,0.6432399749755859,False
North America (NA),422,0,0.6559140682220459,False
North America (NA),335,0,0.6663110256195068,False
North America (NA),441,0,0.6764380931854248,False
North America (NA),546,0,0.686743974685669,False
North America (NA),246,0,0.6994180679321289,False
North America (NA),454,0,0.7100830078125,False
North America (NA),422,0,0.7211730480194092,False
North America (NA),335,0,0.73238205909729,False
North America (NA),441,0,0.7425580024719238,False
North America (NA),546,0,0.7542290687561035,False
North America (NA),246,0,0.7668449878692627,False
North America (NA),454,0,0.7793350219726562,False
North America (NA),422,0,0.7895369529724121,False
North America (NA),335,0,0.8020310401916504,False
North America (NA),441,0,0.8130700588226318,False
North America (NA),546,0,0.8232719898223877,False
North America (NA),246,0,0.8352971076965332,False
North America (NA),454,0,0.8465678691864014,False
North America (NA),422,0,0.8575339317321777,False
North America (NA),335,0,0.8685739040374756,False
Oceania (OC),422,0,44.87947106361389,False
Oceania (OC),594,0,44.891786098480225,False
Oceania (OC),548,0,44.902397871017456,False
Oceania (OC),232,0,44.914458990097046,False
Oceania (OC),422,0,0.9270451068878174,False
Oceania (OC),594,0,0.9374279975891113,False
Oceania (OC),548,0,0.9501371383666992,False
Oceania (OC),232,0,0.9603559970855713,False
South America (SA),479,0,43.972716093063354,False
South America (SA),599,0,43.98287892341614,False
South America (SA),598,0,43.993552923202515,False
South America (SA),266,0,44.00531196594238,False
South America (SA),479,0,1.0156490802764893,False
South America (SA),599,0,1.0269498825073242,False
South America (SA),598,96,0.038496971130371094,True
South America (SA),266,95,0.04902291297912598,True
South America (SA),479,0,0.0598139762878418,False
South America (SA),599,0,0.07023787498474121,False
South America (SA),598,48,0.08100700378417969,True
South America (SA),266,47,0.09177899360656738,True
South America (SA),479,0,0.10230183601379395,False
South America (SA),599,0,0.11494708061218262,False
Africa (AF),393,0,90.1251950263977,False
Africa (AF),270,0,90.13649201393127,False
Africa (AF),321,0,90.147696018219,False
Africa (AF),590,0,90.1580741405487,False
Antarctica (AN),518,0,9.168354988098145,False
Antarctica (AN),345,0,8.179327011108398,False
Antarctica (AN),518,0,0.1918621063232422,False
Antarctica (AN),345,0,0.20450687408447266,False
Antarctica (AN),518,0,0.21515607833862305,False
Antarctica (AN),345,0,0.22585296630859375,False
Antarctica (AN),518,0,0.2364189624786377,False
Antarctica (AN),345,0,0.2477271556854248,False
Antarctica (AN),518,0,0.26038289070129395,False
Antarctica (AN),345,0,0.2709639072418213,False
Antarctica (AN),518,0,0.28107213973999023,False
Antarctica (AN),345,0,0.2913069725036621,False
Antarctica (AN),518,0,0.30155301094055176,False
Antarctica (AN),345,0,0.31444501876831055,False
Antarctica (AN),518,0,0.32465314865112305,False
Antarctica (AN),345,0,0.3370082378387451,False
Antarctica (AN),518,0,0.3487529754638672,False
Antarctica (AN),345,0,0.36150288581848145,False
Antarctica (AN),518,0,0.37174201011657715,False
Antarctica (AN),345,0,0.3820228576660156,False
Antarctica (AN),518,0,0.3940558433532715,False
Antarctica (AN),345,0,0.4044179916381836,False
Antarctica (AN),518,0,0.4170989990234375,False
Antarctica (AN),345,0,0.42941904067993164,False
Antarctica (AN),518,0,0.44179511070251465,False
Antarctica (AN),345,0,0.45221996307373047,False
Antarctica (AN),518,0,0.46486997604370117,False
Antarctica (AN),345,0,0.47646117210388184,False
Antarctica (AN),518,0,0.4881598949432373,False
Antarctica (AN),345,0,0.5002450942993164,False
Antarctica (AN),518,0,0.5115199089050293,False
Antarctica (AN),345,0,0.5232388973236084,False
Antarctica (AN),518,0,0.5342369079589844,False
Antarctica (AN),345,0,0.5443599224090576,False
Antarctica (AN),518,0,0.5564968585968018,False
Antarctica (AN),345,0,0.569159984588623,False
Antarctica (AN),518,0,0.5792679786682129,False
Antarctica (AN),345,0,0.5918080806732178,False
Antarctica (AN),518,0,0.6020081043243408,False
Antarctica (AN),345,0,0.6136150360107422,False
Antarctica (AN),518,0,0.6246359348297119,False
Antarctica (AN),345,0,0.6349539756774902,False
Antarctica (AN),518,0,0.6467649936676025,False
Antarctica (AN),345,0,0.6595311164855957,False
Antarctica (AN),518,0,0.6697101593017578,False
Antarctica (AN),345,0,0.6809091567993164,False
Antarctica (AN),518,0,0.6918690204620361,False
Antarctica (AN),345,0,0.7045149803161621,False
Antarctica (AN),518,0,0.7148458957672119,False
Antarctica (AN),345,0,0.7275049686431885,False
Antarctica (AN),518,0,0.7391648292541504,False
Antarctica (AN),345,0,0.7501769065856934,False
Antarctica (AN),518,0,0.7607870101928711,False
Antarctica (AN),345,0,0.7730550765991211,False
Antarctica (AN),518,0,0.785620927810669,False
Antarctica (AN),345,0,0.7960009574890137,False
Antarctica (AN),518,0,0.8068239688873291,False
Antarctica (AN),345,0,0.8179631233215332,False
Antarctica (AN),518,0,0.8282098770141602,False
Antarctica (AN),345,0,0.8387560844421387,False
Antarctica (AN),518,0,0.8510830402374268,False
Antarctica (AN),345,0,0.8625779151916504,False
Antarctica (AN),518,0,0.8728859424591064,False
Antarctica (AN),345,0,0.883918046951294,False
Antarctica (AN),518,0,0.8947410583496094,False
Antarctica (AN),345,0,0.9072320461273193,False
Antarctica (AN),518,0,0.9176981449127197,False
Antarctica (AN),345,0,0.9297630786895752,False
Antarctica (AN),518,0,0.941046953201294,False
Antarctica (AN),345,0,0.9515578746795654,False
Antarctica (AN),518,0,0.9621469974517822,False
Antarctica (AN),345,0,0.972794771194458,False
Antarctica (AN),518,0,0.9835572242736816,False
Antarctica (AN),345,0,0.9941539764404297,False
Antarctica (AN),518,0,1.0050349235534668,False
Antarctica (AN),345,98,0.017268896102905273,True
Antarctica (AN),518,97,0.02788090705871582,True
Antarctica (AN),345,194,0.03878903388977051,True
Antarctica (AN),518,192,0.049989938735961914,True
Antarctica (AN),345,97,0.06113314628601074,True
Antarctica (AN),518,96,0.07136988639831543,True
Antarctica (AN),345,48,0.0824730396270752,True
Antarctica (AN),518,48,0.09511089324951172,True
Antarctica (AN),345,24,0.1066141128540039,True
Antarctica (AN),518,24,0.11690402030944824,True
Antarctica (AN),345,12,0.1295149326324463,True
Antarctica (AN),518,12,0.14184093475341797,True
Antarctica (AN),345,6,0.15232515335083008,True
Antarctica (AN),518,6,0.16498684883117676,True
Antarctica (AN),345,3,0.1757519245147705,False
Antarctica (AN),518,3,0.1912708282470703,False
Antarctica (AN),345,1,0.2017228603363037,False
Antarctica (AN),518,1,0.21469902992248535,False
Antarctica (AN),345,0,0.22506284713745117,False
Antarctica (AN),518,0,0.23598909378051758,False
Antarctica (AN),345,0,0.24612092971801758,False
Antarctica (AN),518,0,0.25795722007751465,False
Antarctica (AN),345,0,0.2704908847808838,False
Antarctica (AN),518,0,0.2810180187225342,False
Antarctica (AN),345,0,0.292341947555542,False
Antarctica (AN),518,0,0.3034050464630127,False
Antarctica (AN),345,0,0.31421804428100586,False
Antarctica (AN),518,0,0.326768159866333,False
Antarctica (AN),345,0,0.33751511573791504,False
Antarctica (AN),518,0,0.35016703605651855,False
Antarctica (AN),345,0,0.3609750270843506,False
Antarctica (AN),518,0,0.3720510005950928,False
Antarctica (AN),345,0,0.38322997093200684,False
Antarctica (AN),518,0,0.3941471576690674,False
Antarctica (AN),345,0,0.40689516067504883,False
Antarctica (AN),518,0,0.4171168804168701,False
Antarctica (AN),345,0,0.42943692207336426,False
Antarctica (AN),518,0,0.4418318271636963,False
Antarctica (AN),345,0,0.45449185371398926,False
Antarctica (AN),518,0,0.46733999252319336,False
Antarctica (AN),345,0,0.4793729782104492,False
Antarctica (AN),518,0,0.4896249771118164,False
Antarctica (AN),345,0,0.5001089572906494,False
Antarctica (AN),518,0,0.5106079578399658,False
Antarctica (AN),345,0,0.5214478969573975,False
Antarctica (AN),518,0,0.5316810607910156,False
Antarctica (AN),345,0,0.5427970886230469,False
Antarctica (AN),518,0,0.5530099868774414,False
Antarctica (AN),345,0,0.5657310485839844,False
Antarctica (AN),518,0,0.575934886932373,False
Antarctica (AN),345,0,0.5865058898925781,False
Antarctica (AN),518,0,0.5991668701171875,False
Antarctica (AN),345,0,0.6104650497436523,False
Antarctica (AN),518,0,0.6206719875335693,False
Antarctica (AN),345,0,0.6309208869934082,False
Antarctica (AN),518,0,0.641185998916626,False
Asia (AS),257,0,6.653832912445068,False
Asia (AS),229,0,6.664510011672974,False
Asia (AS),237,0,6.674894094467163,False
Asia (AS),317,0,6.687353134155273,False
Asia (AS),257,0,0.7000699043273926,False
Asia (AS),229,0,0.7111890316009521,False
Asia (AS),237,0,0.7238459587097168,False
Asia (AS),317,0,0.7351911067962646,False
Asia (AS),257,0,0.7460899353027344,False
Asia (AS),229,0,0.7565088272094727,False
Asia (AS),237,0,0.7669439315795898,False
Asia (AS),317,0,0.7784640789031982,False
Asia (AS),257,0,0.7886278629302979,False
Asia (AS),229,0,0.8013088703155518,False
Asia (AS),237,0,0.8139820098876953,False
Asia (AS),317,0,0.8241610527038574,False
Asia (AS),257,0,0.8346900939941406,False
Asia (AS),229,0,0.8451278209686279,False
Asia (AS),237,0,0.8570921421051025,False
Asia (AS),317,0,0.8673970699310303,False
Asia (AS),257,0,0.8800399303436279,False
Asia (AS),229,0,0.8918828964233398,False
Asia (AS),237,0,0.9045319557189941,False
Asia (AS),317,0,0.9169111251831055,False
Asia (AS),257,0,0.929041862487793,False
Asia (AS),229,0,0.9393830299377441,False
Asia (AS),237,0,0.9496359825134277,False
Asia (AS),317,0,0.9611990451812744,False
Asia (AS),257,0,0.9737200736999512,False
Asia (AS),229,0,0.9838771820068359,False
Asia (AS),237,0,0.994063138961792,False
Asia (AS),317,0,1.0048902034759521,False
Asia (AS),257,0,1.0156841278076172,False
Asia (AS),229,0,1.0258538722991943,False
Asia (AS),237,96,0.03712582588195801,True
Asia (AS),317,95,0.04736900329589844,True
Asia (AS),257,0,0.05913400650024414,False
Asia (AS),229,0,0.06952595710754395,False
Asia (AS),237,48,0.07976078987121582,True
Asia (AS),317,47,0.0910651683807373,True
Asia (AS),257,0,0.10271477699279785,False
Asia (AS),229,0,0.11408400535583496,False
Asia (AS),237,24,0.12431597709655762,True
Asia (AS),317,23,0.13494300842285156,True
Asia (AS),257,0,0.14713001251220703,False
Asia (AS),229,0,0.1574242115020752,False
Asia (AS),237,12,0.16810107231140137,True
Asia (AS),317,11,0.1794140338897705,True
Asia (AS),257,0,0.18959307670593262,False
Asia (AS),229,0,0.2010509967803955,False
Asia (AS),237,6,0.21196794509887695,True
Asia (AS),317,5,0.22319793701171875,False
Asia (AS),257,0,0.23569512367248535,False
Asia (AS),229,0,0.2485051155090332,False
Asia (AS),237,3,0.25902700424194336,False
Asia (AS),317,2,0.26981401443481445,False
Asia (AS),257,0,0.2817869186401367,False
Asia (AS),229,0,0.2932109832763672,False
Asia (AS),237,1,0.30568695068359375,False
Asia (AS),317,1,0.31687092781066895,False
Asia (AS),257,0,0.3295412063598633,False
Asia (AS),229,0,0.3419220447540283,False
Asia (AS),237,0,0.35333895683288574,False
Asia (AS),317,0,0.36364102363586426,False
Asia (AS),257,0,0.37628698348999023,False
Asia (AS),229,0,0.38834619522094727,False
Asia (AS),237,0,0.400623083114624,False
Asia (AS),317,0,0.41225504875183105,False
Asia (AS),257,0,0.4225599765777588,False
Asia (AS),229,0,0.43351292610168457,False
Asia (AS),237,0,0.44486403465270996,False
Asia (AS),317,0,0.46796488761901855,False
Asia (AS),257,0,0.4820568561553955,False
Asia (AS),229,0,0.501986026763916,False
Asia (AS),237,0,0.512869119644165,False
Asia (AS),317,0,0.5240011215209961,False
Asia (AS),257,0,0.5343689918518066,False
Asia (AS),229,0,0.5449039936065674,False
Asia (AS),237,0,0.5564711093902588,False
Asia (AS),317,0,0.5690760612487793,False
Asia (AS),257,0,0.5795450210571289,False
Asia (AS),229,0,0.5919008255004883,False
Asia (AS),237,0,0.6045691967010498,False
Asia (AS),317,0,0.615333080291748,False
Asia (AS),257,0,0.6279850006103516,False
Asia (AS),229,0,0.638390064239502,False
Asia (AS),237,0,0.6498990058898926,False
Asia (AS),317,0,0.662545919418335,False
Asia (AS),257,0,0.6729099750518799,False
Asia (AS),229,0,0.6841449737548828,False
Asia (AS),237,0,0.6945400238037109,False
Asia (AS),317,0,0.7060821056365967,False
Asia (AS),257,0,0.7168240547180176,False
Asia (AS),229,0,0.7294070720672607,False
Asia (AS),237,0,0.7400751113891602,False
Asia (AS),317,0,0.7504971027374268,False
Asia (AS),257,0,0.7627179622650146,False
Asia (AS),229,0,0.7752430438995361,False
Asia (AS),237,0,0.7861440181732178,False
Asia (AS),317,0,0.7969861030578613,False
Asia (AS),257,0,0.8073558807373047,False
Asia (AS),229,0,0.8182330131530762,False
Asia (AS),237,0,0.8294119834899902,False
Asia (AS),317,0,0.8412749767303467,False
Asia (AS),257,0,0.8532788753509521,False
Asia (AS),229,0,0.8636391162872314,False
Asia (AS),237,0,0.8743150234222412,False
Asia (AS),317,0,0.885951042175293,False
Asia (AS),257,0,0.8963229656219482,False
Asia (AS),229,0,0.906857967376709,False
Asia (AS),237,0,0.9172649383544922,False
Asia (AS),317,0,0.9297659397125244,False
Asia (AS),257,0,0.9403760433197021,False
Asia (AS),229,0,0.9518508911132812,False
Asia (AS),237,0,0.9621179103851318,False
Asia (AS),317,0,0.9727921485900879,False
Asia (AS),257,0,0.9837470054626465,False
Asia (AS),229,0,0.9954009056091309,False
Asia (AS),237,0,1.0063941478729248,False
Asia (AS),317,0,1.016951084136963,False
Asia (AS),257,0,1.029547929763794,False
Asia (AS),229,95,0.04022097587585449,True
Asia (AS),237,0,0.05289912223815918,False
Asia (AS),317,0,0.06504201889038086,False
Asia (AS),257,0,0.07558202743530273,False
Asia (AS),229,47,0.08725500106811523,True
Asia (AS),237,0,0.09990406036376953,False
Asia (AS),317,0,0.11009693145751953,False
Asia (AS),257,0,0.1204831600189209,False
Asia (AS),229,23,0.13146281242370605,True
Asia (AS),237,0,0.1419389247894287,False
Asia (AS),317,0,0.15348196029663086,False
Asia (AS),257,0,0.16615080833435059,False
Asia (AS),229,11,0.17822694778442383,True
Asia (AS),237,0,0.188493013381958,False
Asia (AS),317,0,0.20113682746887207,False
Asia (AS),257,0,0.21140003204345703,False
Asia (AS),229,5,0.2227170467376709,False
Asia (AS),237,0,0.2337658405303955,False
Asia (AS),317,0,0.24539995193481445,False
Asia (AS),257,0,0.25618791580200195,False
Asia (AS),229,2,0.2674291133880615,False
Asia (AS),237,0,0.2796139717102051,False
Asia (AS),317,0,0.2918989658355713,False
Asia (AS),257,0,0.3040640354156494,False
Asia (AS),229,1,0.31671714782714844,False
Asia (AS),237,0,0.3283510208129883,False
Asia (AS),317,0,0.33864402770996094,False
Asia (AS),257,0,0.34973788261413574,False
Asia (AS),229,0,0.35990285873413086,False
Asia (AS),237,0,0.3706181049346924,False
Asia (AS),317,0,0.3824288845062256,False
Asia (AS),257,0,0.3938710689544678,False
Asia (AS),229,0,0.40416789054870605,False
Asia (AS),237,0,0.4156479835510254,False
Asia (AS),317,0,0.4265758991241455,False
Asia (AS),257,0,0.43721699714660645,False
Asia (AS),229,0,0.44760608673095703,False
Asia (AS),237,0,0.45805788040161133,False
Asia (AS),317,0,0.4698519706726074,False
Asia (AS),257,0,0.48070716857910156,False
Asia (AS),229,0,0.4919300079345703,False
Asia (AS),237,0,0.5045709609985352,False
Asia (AS),317,0,0.5152790546417236,False
Asia (AS),257,0,0.5268769264221191,False
Asia (AS),229,0,0.5380349159240723,False
Asia (AS),237,0,0.550678014755249,False
Asia (AS),317,0,0.5609650611877441,False
Asia (AS),257,0,0.5718982219696045,False
Asia (AS),229,0,0.5825631618499756,False
Asia (AS),237,0,0.5931971073150635,False
Asia (AS),317,0,0.6050610542297363,False
Asia (AS),257,0,0.6175968647003174,False
Asia (AS),229,0,0.6279230117797852,False
Asia (AS),237,0,0.638023853302002,False
Asia (AS),317,0,0.648521900177002,False
Asia (AS),257,0,0.6610140800476074,False
Asia (AS),229,0,0.67252516746521,False
Asia (AS),237,0,0.6828317642211914,False
Asia (AS),317,0,0.6944980621337891,False
Asia (AS),257,0,0.7047109603881836,False
Asia (AS),229,0,0.7172689437866211,False
Asia (AS),237,0,0.72943115234375,False
Asia (AS),317,0,0.7419168949127197,False
Asia (AS),257,0,0.754479169845581,False
Asia (AS),229,0,0.7671129703521729,False
Asia (AS),237,0,0.7796399593353271,False
Asia (AS),317,0,0.7899088859558105,False
Asia (AS),257,0,0.8010270595550537,False
Asia (AS),229,0,0.8136639595031738,False
Asia (AS),237,0,0.8264100551605225,False
Asia (AS),317,0,0.8379120826721191,False
Asia (AS),257,0,0.8505568504333496,False
Asia (AS),229,0,0.8613100051879883,False
Asia (AS),237,0,0.8733479976654053,False
Asia (AS),317,0,0.8837089538574219,False
Asia (AS),257,0,0.8944120407104492,False
Asia (AS),229,0,0.9045538902282715,False
Asia (AS),237,0,0.9154617786407471,False
Asia (AS),317,0,0.928257942199707,False
Asia (AS),257,0,0.9396779537200928,False
Asia (AS),229,0,0.9508070945739746,False
Asia (AS),237,0,0.9614078998565674,False
Asia (AS),317,0,0.9724469184875488,False
Asia (AS),257,0,0.9834721088409424,False
Asia (AS),229,0,0.9947099685668945,False
Asia (AS),237,0,1.0054550170898438,False
Asia (AS),317,0,1.0169720649719238,False
Asia (AS),257,0,1.0294380187988281,False
Asia (AS),229,95,0.041921138763427734,True
Asia (AS),237,0,0.05211019515991211,False
Asia (AS),317,0,0.06475400924682617,False
Asia (AS),257,0,0.08005714416503906,False
Asia (AS),229,47,0.09323811531066895,True
Asia (AS),237,0,0.1073768138885498,False
Asia (AS),317,0,0.12142205238342285,False
Asia (AS),257,0,0.13317394256591797,False
Asia (AS),229,23,0.15124893188476562,True
Asia (AS),237,0,0.16415905952453613,False
Asia (AS),317,0,0.17797303199768066,False
Asia (AS),257,0,0.1884748935699463,False
Asia (AS),229,11,0.19887399673461914,True
Asia (AS),237,0,0.2098071575164795,False
Asia (AS),317,0,0.21993708610534668,False
Asia (AS),257,0,0.23032283782958984,False
Asia (AS),229,5,0.24190902709960938,False
Asia (AS),237,0,0.2545320987701416,False
Asia (AS),317,0,0.26493215560913086,False
Asia (AS),257,0,0.27516698837280273,False
Asia (AS),229,2,0.28621912002563477,False
Asia (AS),237,0,0.29700207710266113,False
Asia (AS),317,0,0.3085179328918457,False
Asia (AS),257,0,0.3187730312347412,False
Asia (AS),229,1,0.3294799327850342,False
Asia (AS),237,0,0.34203195571899414,False
Asia (AS),317,0,0.35222601890563965,False
Asia (AS),257,0,0.364840030670166,False
Asia (AS),229,0,0.3752861022949219,False
Asia (AS),237,0,0.38539791107177734,False
Asia (AS),317,0,0.3955698013305664,False
Asia (AS),257,0,0.408217191696167,False
Asia (AS),229,0,0.4190330505371094,False
Asia (AS),237,0,0.42949390411376953,False
Asia (AS),317,0,0.44194602966308594,False
Asia (AS),257,0,0.45459723472595215,False
Asia (AS),229,0,0.4672410488128662,False
Asia (AS),237,0,0.47956395149230957,False
Asia (AS),317,0,0.4901728630065918,False
Asia (AS),257,0,0.5008251667022705,False
Asia (AS),229,0,0.5135679244995117,False
Asia (AS),237,0,0.5262551307678223,False
Asia (AS),317,0,0.5369951725006104,False
Asia (AS),257,0,0.547950029373169,False
Asia (AS),229,0,0.560614824295044,False
Asia (AS),237,0,0.5707640647888184,False
Asia (AS),317,0,0.5832719802856445,False
Asia (AS),257,0,0.5935418605804443,False
Asia (AS),229,0,0.6051042079925537,False
Asia (AS),237,0,0.6177799701690674,False
Asia (AS),317,0,0.6285381317138672,False
Asia (AS),257,0,0.6411950588226318,False
Asia (AS),229,0,0.6525921821594238,False
Asia (AS),237,0,0.6653060913085938,False
Asia (AS),317,0,0.6763639450073242,False
Asia (AS),257,0,0.6868600845336914,False
Asia (AS),229,0,0.6981470584869385,False
Asia (AS),237,0,0.7084100246429443,False
Asia (AS),317,0,0.7191948890686035,False
Asia (AS),257,0,0.7297332286834717,False
Asia (AS),229,0,0.7401249408721924,False
Asia (AS),237,0,0.7505619525909424,False
Asia (AS),317,0,0.7616901397705078,False
Asia (AS),257,0,0.7724499702453613,False
Asia (AS),229,0,0.7830488681793213,False
Asia (AS),237,0,0.7932109832763672,False
Asia (AS),317,0,0.8033127784729004,False
Asia (AS),257,0,0.8136639595031738,False
Asia (AS),229,0,0.8263118267059326,False
Asia (AS),237,0,0.8365540504455566,False
Asia (AS),317,0,0.8488829135894775,False
Asia (AS),257,0,0.8598971366882324,False
Asia (AS),229,0,0.8704299926757812,False
Asia (AS),237,0,0.8806190490722656,False
Asia (AS),317,0,0.8907430171966553,False
Asia (AS),257,0,0.9014489650726318,False
Asia (AS),229,0,0.9122700691223145,False
Asia (AS),237,0,0.9235320091247559,False
Asia (AS),317,0,0.9338340759277344,False
Asia (AS),257,0,0.9440581798553467,False
Asia (AS),229,0,0.9553580284118652,False
Asia (AS),237,0,0.968001127243042,False
Asia (AS),317,0,0.978348970413208,False
Asia (AS),257,0,0.9887440204620361,False
Asia (AS),229,0,1.0014050006866455,False
Asia (AS),237,0,1.0117628574371338,False
Asia (AS),317,0,1.0238699913024902,False
Asia (AS),257,96,0.03432488441467285,True
Asia (AS),229,95,0.04703688621520996,True
Europe (EU),482,0,6.0591208934783936,False
Europe (EU),538,0,6.071716070175171,False
Europe (EU),357,0,6.082751989364624,False
Europe (EU),215,0,6.0930938720703125,False
Europe (EU),343,0,6.103918075561523,False
Europe (EU),235,0,6.114912986755371,False
Europe (EU),482,0,0.12503695487976074,False
Europe (EU),538,0,0.13593196868896484,False
Europe (EU),357,0,0.14699220657348633,False
Europe (EU),215,0,0.15966200828552246,False
Europe (EU),343,0,0.16997289657592773,False
Europe (EU),235,0,0.18056488037109375,False
Europe (EU),482,0,0.19197583198547363,False
Europe (EU),538,0,0.20253396034240723,False
Europe (EU),357,0,0.21309685707092285,False
Europe (EU),215,0,0.22368597984313965,False
Europe (EU),343,0,0.23425889015197754,False
Europe (EU),235,0,0.24694085121154785,False
Europe (EU),482,0,0.25725698471069336,False
Europe (EU),538,0,0.2676370143890381,False
Europe (EU),357,0,0.27951693534851074,False
Europe (EU),215,0,0.29197096824645996,False
Europe (EU),343,0,0.3046150207519531,False
Europe (EU),235,0,0.31581687927246094,False
Europe (EU),482,0,0.32732295989990234,False
Europe (EU),538,0,0.337738037109375,False
Europe (EU),357,0,0.348146915435791,False
Europe (EU),215,0,0.36043500900268555,False
Europe (EU),343,0,0.3726489543914795,False
Europe (EU),235,0,0.3831448554992676,False
Europe (EU),482,0,0.3937861919403076,False
Europe (EU),538,0,0.4056520462036133,False
Europe (EU),357,0,0.41699790954589844,False
Europe (EU),215,0,0.4294450283050537,False
Europe (EU),343,0,0.4419519901275635,False
Europe (EU),235,0,0.45458102226257324,False
Europe (EU),482,0,0.4671049118041992,False
Europe (EU),538,0,0.47959184646606445,False
Europe (EU),357,0,0.491955041885376,False
Europe (EU),215,0,0.5024709701538086,False
Europe (EU),343,0,0.5136079788208008,False
Europe (EU),235,0,0.5262048244476318,False
Europe (EU),482,0,0.5377438068389893,False
Europe (EU),538,0,0.5504751205444336,False
Europe (EU),357,0,0.5619158744812012,False
Europe (EU),215,0,0.5739829540252686,False
Europe (EU),343,0,0.5849080085754395,False
Europe (EU),235,0,0.5975198745727539,False
Europe (EU),482,0,0.608834981918335,False
Europe (EU),538,0,0.6195950508117676,False
Europe (EU),357,0,0.6300640106201172,False
North America (NA),441,0,6.642010927200317,False
North America (NA),546,0,6.652687072753906,False
North America (NA),246,0,6.6631999015808105,False
North America (NA),454,0,6.67338490486145,False
North America (NA),422,0,6.683490037918091,False
North America (NA),335,0,6.694462060928345,False
North America (NA),441,0,0.7047429084777832,False
North America (NA),546,0,0.7171189785003662,False
North America (NA),246,0,0.7301602363586426,False
North America (NA),454,0,0.7419579029083252,False
North America (NA),422,0,0.7521588802337646,False
North America (NA),335,0,0.7646450996398926,False
North America (NA),441,0,0.7749590873718262,False
North America (NA),546,0,0.785207986831665,False
North America (NA),246,0,0.7978529930114746,False
North America (NA),454,0,0.8083682060241699,False
North America (NA),422,0,0.819411039352417,False
North America (NA),335,0,0.8296000957489014,False
North America (NA),441,0,0.8419599533081055,False
North America (NA),546,0,0.8521039485931396,False
North America (NA),246,0,0.8621811866760254,False
North America (NA),454,0,0.8748469352722168,False
North America (NA),422,0,0.8857290744781494,False
North America (NA),335,0,0.8961989879608154,False
North America (NA),441,0,0.9088599681854248,False
North America (NA),546,0,0.9196770191192627,False
North America (NA),246,0,0.9322910308837891,False
North America (NA),454,0,0.9426560401916504,False
North America (NA),422,0,0.9528059959411621,False
North America (NA),335,0,0.9654698371887207,False
North America (NA),441,0,0.9756169319152832,False
North America (NA),546,0,0.9871749877929688,False
North America (NA),246,0,0.9992780685424805,False
North America (NA),454,0,1.0113210678100586,False
North America (NA),422,0,1.0218210220336914,False
North America (NA),335,0,1.0323388576507568,False
North America (NA),441,0,1.0440399646759033,False
North America (NA),546,0,1.0551509857177734,False
North America (NA),246,0,0.06700897216796875,False
North America (NA),454,0,0.07963705062866211,False
North America (NA),422,0,0.09195899963378906,False
North America (NA),335,0,0.10371899604797363,False
North America (NA),441,0,0.11634993553161621,False
North America (NA),546,0,0.12721681594848633,False
North America (NA),246,0,0.13805603981018066,False
North America (NA),454,0,0.14822602272033691,False
North America (NA),422,0,0.16026806831359863,False
North America (NA),335,0,0.17046308517456055,False
North America (NA),441,0,0.1823580265045166,False
North America (NA),546,0,0.19307494163513184,False
North America (NA),246,0,0.20396709442138672,False
North America (NA),454,0,0.21500897407531738,False
North America (NA),422,0,0.22638320922851562,False
North America (NA),335,0,0.2380809783935547,False
North America (NA),441,0,0.2483060359954834,False
North America (NA),546,0,0.25904297828674316,False
North America (NA),246,0,0.2714660167694092,False
North America (NA),454,0,0.2839198112487793,False
North America (NA),422,0,0.2942039966583252,False
North America (NA),335,0,0.3048670291900635,False
North America (NA),441,0,0.31728577613830566,False
North America (NA),546,0,0.32973480224609375,False
North America (NA),246,0,0.3414320945739746,False
North America (NA),454,0,0.3521389961242676,False
North America (NA),422,0,0.3624279499053955,False
North America (NA),335,0,0.37290382385253906,False
North America (NA),441,0,0.3830530643463135,False
North America (NA),546,0,0.39395999908447266,False
North America (NA),246,0,0.40432214736938477,False
North America (NA),454,0,0.4149508476257324,False
North America (NA),422,0,0.42633605003356934,False
North America (NA),335,0,0.43790388107299805,False
North America (NA),441,0,0.44843006134033203,False
North America (NA),546,0,0.4591097831726074,False
North America (NA),246,0,0.469897985458374,False
North America (NA),454,0,0.480910062789917,False
North America (NA),422,0,0.4914591312408447,False
North America (NA),335,0,0.5025548934936523,False
North America (NA),441,0,0.5151159763336182,False
North America (NA),546,0,0.5290529727935791,False
North America (NA),246,0,0.5391809940338135,False
Oceania (OC),422,0,7.549424171447754,False
Oceania (OC),594,0,7.560482025146484,False
Oceania (OC),548,0,7.573204040527344,False
Oceania (OC),232,0,7.583821058273315,False
Oceania (OC),422,0,0.5949509143829346,False
Oceania (OC),594,0,0.6050949096679688,False
Oceania (OC),548,0,0.6155920028686523,False
Oceania (OC),232,0,0.6273419857025146,False
Oceania (OC),422,0,0.6376907825469971,False
Oceania (OC),594,0,0.649071216583252,False
Oceania (OC),548,0,0.6609129905700684,False
Oceania (OC),232,0,0.6735739707946777,False
Oceania (OC),422,0,0.684312105178833,False
Oceania (OC),594,0,0.6946120262145996,False
Oceania (OC),548,0,0.7074189186096191,False
Oceania (OC),232,0,0.7176430225372314,False
Oceania (OC),422,0,0.7281620502471924,False
Oceania (OC),594,0,0.7382819652557373,False
Oceania (OC),548,0,0.7484970092773438,False
Oceania (OC),232,0,0.7608020305633545,False
Oceania (OC),422,0,0.7725980281829834,False
Oceania (OC),594,0,0.783735990524292,False
Oceania (OC),548,0,0.794687032699585,False
Oceania (OC),232,0,0.8048298358917236,False
Oceania (OC),422,0,0.8170390129089355,False
Oceania (OC),594,0,0.8295061588287354,False
Oceania (OC),548,0,0.8396100997924805,False
Oceania (OC),232,0,0.8497819900512695,False
Oceania (OC),422,0,0.8604800701141357,False
Oceania (OC),594,0,0.8707571029663086,False
Oceania (OC),548,0,0.8810920715332031,False
Oceania (OC),232,0,0.8937289714813232,False
Oceania (OC),422,0,0.9045491218566895,False
Oceania (OC),594,0,0.9159820079803467,False
Oceania (OC),548,0,0.9269959926605225,False
Oceania (OC),232,0,0.9375269412994385,False
Oceania (OC),422,0,0.9479250907897949,False
Oceania (OC),594,0,0.9585831165313721,False
Oceania (OC),548,0,0.9686861038208008,False
Oceania (OC),232,0,0.9796638488769531,False
Oceania (OC),422,0,0.9920079708099365,False
Oceania (OC),594,0,1.0038249492645264,False
Oceania (OC),548,0,1.01503586769104,False
Oceania (OC),232,0,1.0276670455932617,False
Oceania (OC),422,96,0.03782296180725098,True
Oceania (OC),594,0,0.05046701431274414,False
Oceania (OC),548,0,0.06076383590698242,False
Oceania (OC),232,0,0.07341599464416504,False
Oceania (OC),422,48,0.08525204658508301,True
Oceania (OC),594,0,0.09666609764099121,False
Oceania (OC),548,0,0.10730695724487305,False
Oceania (OC),232,0,0.11777687072753906,False
Oceania (OC),422,24,0.12964200973510742,True
South America (SA),598,0,7.142028093338013,False
South America (SA),266,0,7.152194023132324,False
South America (SA),479,0,7.163002967834473,False
South America (SA),599,0,7.173413038253784,False
South America (SA),598,0,0.18567705154418945,False
South America (SA),266,0,0.19689607620239258,False
South America (SA),479,0,0.20953083038330078,False
South America (SA),599,0,0.22092103958129883,False
South America (SA),598,0,0.23245906829833984,False
South America (SA),266,0,0.24260878562927246,False
South America (SA),479,0,0.25517797470092773,False
South America (SA),599,0,0.2684211730957031,False
South America (SA),598,0,0.2787129878997803,False
South America (SA),266,0,0.28901195526123047,False
South America (SA),479,0,0.2997119426727295,False
South America (SA),599,0,0.3105809688568115,False
South America (SA),598,0,0.32591795921325684,False
South America (SA),266,0,0.3392140865325928,False
South America (SA),479,0,0.35410404205322266,False
South America (SA),599,0,0.3651258945465088,False
South America (SA),598,0,0.3773930072784424,False
South America (SA),266,0,0.3891720771789551,False
South America (SA),479,0,0.3995788097381592,False
South America (SA),599,0,0.41046810150146484,False
South America (SA),598,0,0.42111992835998535,False
South America (SA),266,0,0.43240904808044434,False
South America (SA),479,0,0.44373393058776855,False
South America (SA),599,0,0.45550012588500977,False
South America (SA),598,0,0.46749377250671387,False
South America (SA),266,0,0.479748010635376,False
South America (SA),479,0,0.49199414253234863,False
South America (SA),599,0,0.5025808811187744,False
South America (SA),598,0,0.5133068561553955,False
South America (SA),266,0,0.5242390632629395,False
South America (SA),479,0,0.5368239879608154,False
South America (SA),599,0,0.5472331047058105,False
South America (SA),598,0,0.5578670501708984,False
South America (SA),266,0,0.5684599876403809,False
South America (SA),479,0,0.5787441730499268,False
South America (SA),599,0,0.5898051261901855,False
South America (SA),598,0,0.6009221076965332,False
South America (SA),266,0,0.6109991073608398,False
South America (SA),479,0,0.6266801357269287,False
South America (SA),599,0,0.638124942779541,False
South America (SA),598,0,0.6482501029968262,False
South America (SA),266,0,0.6589200496673584,False
South America (SA),479,0,0.6697239875793457,False
South America (SA),599,0,0.6801819801330566,False
South America (SA),598,0,0.6903500556945801,False
South America (SA),266,0,0.7013089656829834,False
South America (SA),479,0,0.7115230560302734,False
South America (SA),599,0,0.7216908931732178,False
South America (SA),598,0,0.734281063079834,False
South America (SA),266,0,0.7448990345001221,False
South America (SA),479,0,0.7550630569458008,False
South America (SA),599,0,0.7671308517456055,False
South America (SA),598,0,0.777371883392334,False
South America (SA),266,0,0.7879180908203125,False
South America (SA),479,0,0.7983500957489014,False
South America (SA),599,0,0.8104739189147949,False
South America (SA),598,0,0.8210079669952393,False
South America (SA),266,0,0.8329851627349854,False
South America (SA),479,0,0.8431780338287354,False
South America (SA),599,0,0.854499101638794,False
South America (SA),598,0,0.8651571273803711,False
South America (SA),266,0,0.8760690689086914,False
South America (SA),479,0,0.8866610527038574,False
South America (SA),599,0,0.8970060348510742,False
South America (SA),598,0,0.9093120098114014,False
South America (SA),266,0,0.9196138381958008,False
South America (SA),479,0,0.9322218894958496,False
South America (SA),599,0,0.9428300857543945,False
South America (SA),598,0,0.9539971351623535,False
South America (SA),266,0,0.966343879699707,False
South America (SA),479,0,0.9765009880065918,False
South America (SA),599,0,0.987839937210083,False
South America (SA),598,0,0.9998860359191895,False
South America (SA),266,0,1.0100009441375732,False
South America (SA),479,0,1.0203449726104736,False
South America (SA),599,0,1.032991886138916,False
South America (SA),598,95,0.04441022872924805,True
South America (SA),266,0,0.05688810348510742,False
South America (SA),479,0,0.06947517395019531,False
South America (SA),599,0,0.0802309513092041,False
South America (SA),598,47,0.09111595153808594,True
South America (SA),266,0,0.11182117462158203,False
South America (SA),479,0,0.12261390686035156,False
South America (SA),599,0,0.13277387619018555,False
South America (SA),598,23,0.14302992820739746,True
South America (SA),266,0,0.15473604202270508,False
South America (SA),479,0,0.1671159267425537,False
South America (SA),599,0,0.17975187301635742,False
South America (SA),598,11,0.19204497337341309,True
South America (SA),266,0,0.20279812812805176,False
South America (SA),479,0,0.21544504165649414,False
South America (SA),599,0,0.22634601593017578,False
South America (SA),598,5,0.23669719696044922,False
South America (SA),266,0,0.2487621307373047,False
South America (SA),479,0,0.2614099979400635,False
South America (SA),599,0,0.2724740505218506,False
South America (SA),598,2,0.2836458683013916,False
South America (SA),266,0,0.29625916481018066,False
South America (SA),479,0,0.30645298957824707,False
South America (SA),599,0,0.316882848739624,False
South America (SA),598,1,0.32701706886291504,False
South America (SA),266,0,0.3378109931945801,False
South America (SA),479,0,0.3479440212249756,False
South America (SA),599,0,0.35939717292785645,False
South America (SA),598,0,0.3720571994781494,False
South America (SA),266,0,0.38378000259399414,False
South America (SA),479,0,0.39403295516967773,False
South America (SA),599,0,0.4066638946533203,False
South America (SA),598,0,0.4170548915863037,False
South America (SA),266,0,0.42954587936401367,False
South America (SA),479,0,0.4402151107788086,False
South America (SA),599,0,0.45278000831604004,False
South America (SA),598,0,0.4632151126861572,False
South America (SA),266,0,0.4734959602355957,False
South America (SA),479,0,0.48487401008605957,False
South America (SA),599,0,0.497499942779541,False
South America (SA),598,0,0.5077240467071533,False
South America (SA),266,0,0.5188438892364502,False
South America (SA),479,0,0.5303471088409424,False
South America (SA),599,0,0.5420989990234375,False
South America (SA),598,0,0.5547478199005127,False
South America (SA),266,0,0.5671110153198242,False
South America (SA),479,0,0.5796680450439453,False
South America (SA),599,0,0.592108964920044,False
South America (SA),598,0,0.6028070449829102,False
South America (SA),266,0,0.6133770942687988,False
South America (SA),479,0,0.6235771179199219,False
South America (SA),599,0,0.6338269710540771,False
South America (SA),598,0,0.6454598903656006,False
South America (SA),266,0,0.6563131809234619,False
South America (SA),479,0,0.6676340103149414,False
South America (SA),599,0,0.6778700351715088,False
South America (SA),598,0,0.6886258125305176,False
South America (SA),266,0,0.7012960910797119,False
South America (SA),479,0,0.7140700817108154,False
South America (SA),599,0,0.7244689464569092,False
South America (SA),598,0,0.7346508502960205,False
South America (SA),266,0,0.7451708316802979,False
South America (SA),479,0,0.7555789947509766,False
South America (SA),599,0,0.7673280239105225,False
South America (SA),598,0,0.7796149253845215,False
South America (SA),266,0,0.790395975112915,False
South America (SA),479,0,0.8005790710449219,False
South America (SA),599,0,0.8114428520202637,False
South America (SA),598,0,0.8221850395202637,False
South America (SA),266,0,0.8338990211486816,False
South America (SA),479,0,0.8444271087646484,False
South America (SA),599,0,0.8570261001586914,False
South America (SA),598,0,0.8679699897766113,False
South America (SA),266,0,0.8795840740203857,False
South America (SA),479,0,0.8925340175628662,False
South America (SA),599,0,0.9048430919647217,False
South America (SA),598,0,0.916038990020752,False
South America (SA),266,0,0.9291231632232666,False
South America (SA),479,0,0.9393439292907715,False
South America (SA),599,0,0.9498600959777832,False
South America (SA),598,0,0.9608151912689209,False
South America (SA),266,0,0.9713699817657471,False
South America (SA),479,0,0.9821810722351074,False
South America (SA),599,0,0.9945211410522461,False
South America (SA),598,0,1.0047309398651123,False
South America (SA),266,0,1.0170791149139404,False
South America (SA),479,0,1.0296289920806885,False
South America (SA),599,96,0.03973102569580078,True
South America (SA),598,0,0.05014920234680176,False
South America (SA),266,0,0.0616300106048584,False
South America (SA),479,0,0.07324790954589844,False
South America (SA),599,48,0.08379292488098145,True
South America (SA),598,0,0.09508514404296875,False
South America (SA),266,0,0.10750102996826172,False
South America (SA),479,0,0.1178579330444336,False
South America (SA),599,24,0.12809491157531738,True
South America (SA),598,0,0.1381838321685791,False
South America (SA),266,0,0.14858198165893555,False
South America (SA),479,0,0.16116881370544434,False
South America (SA),599,12,0.17252087593078613,True
South America (SA),598,0,0.18298912048339844,False
South America (SA),266,0,0.1935739517211914,False
South America (SA),479,0,0.20372700691223145,False
South America (SA),599,6,0.21635890007019043,True
South America (SA),598,0,0.22966408729553223,False
South America (SA),266,0,0.24016690254211426,False
South America (SA),479,0,0.2510368824005127,False
South America (SA),599,3,0.2616870403289795,False
South America (SA),598,0,0.2717912197113037,False
South America (SA),266,0,0.2819030284881592,False
South America (SA),479,0,0.29419708251953125,False
South America (SA),599,1,0.3043379783630371,False
South America (SA),598,0,0.31466102600097656,False
South America (SA),266,0,0.3270409107208252,False
South America (SA),479,0,0.3378591537475586,False
South America (SA),599,0,0.34831786155700684,False
South America (SA),598,0,0.3603169918060303,False
South America (SA),266,0,0.3709869384765625,False
South America (SA),479,0,0.3829030990600586,False
South America (SA),599,0,0.39400386810302734,False
South America (SA),598,0,0.4046330451965332,False
South America (SA),266,0,0.41713500022888184,False
South America (SA),479,0,0.4296691417694092,False
South America (SA),599,0,0.4399092197418213,False
South America (SA),598,0,0.4511721134185791,False
South America (SA),266,0,0.4635739326477051,False
South America (SA),479,0,0.47465014457702637,False
South America (SA),599,0,0.48726987838745117,False
South America (SA),598,0,0.5001060962677002,False
South America (SA),266,0,0.5105879306793213,False
South America (SA),479,0,0.522381067276001,False
South America (SA),599,0,0.5330979824066162,False
South America (SA),598,0,0.544356107711792,False
South America (SA),266,0,0.5550148487091064,False
South America (SA),479,0,0.5671679973602295,False
South America (SA),599,0,0.5814268589019775,False
South America (SA),598,0,0.5945940017700195,False
South America (SA),266,0,0.6052629947662354,False
South America (SA),479,0,0.6173031330108643,False
South America (SA),599,0,0.629594087600708,False
South America (SA),598,0,0.6403498649597168,False
South America (SA),266,0,0.6512219905853271,False
South America (SA),479,0,0.6638050079345703,False
South America (SA),599,0,0.6764140129089355,False
South America (SA),598,0,0.6865830421447754,False
South America (SA),266,0,0.6967260837554932,False
South America (SA),479,0,0.7074189186096191,False
South America (SA),599,0,0.7178590297698975,False
South America (SA),598,0,0.7295989990234375,False
South America (SA),266,0,0.7420990467071533,False
South America (SA),479,0,0.752295970916748,False
South America (SA),599,0,0.7646231651306152,False
South America (SA),598,0,0.7753012180328369,False
South America (SA),266,0,0.7878789901733398,False
South America (SA),479,0,0.800544023513794,False
South America (SA),599,0,0.8109869956970215,False
South America (SA),598,0,0.8216288089752197,False
South America (SA),266,0,0.8323981761932373,False
South America (SA),479,0,0.8429949283599854,False
South America (SA),599,0,0.8556358814239502,False
South America (SA),598,0,0.8679389953613281,False
South America (SA),266,0,0.8803849220275879,False
South America (SA),479,0,0.8920938968658447,False
South America (SA),599,0,0.9042658805847168,False
South America (SA),598,0,0.9151511192321777,False
South America (SA),266,0,0.927156925201416,False
South America (SA),479,0,0.9374411106109619,False
South America (SA),599,0,0.9500558376312256,False
South America (SA),598,0,0.9601941108703613,False
South America (SA),266,0,0.9716050624847412,False
South America (SA),479,0,0.9825091361999512,False
South America (SA),599,0,0.9930419921875,False
South America (SA),598,0,1.005509853363037,False
South America (SA),266,0,1.0178239345550537,False
South America (SA),479,0,1.0296180248260498,False
South America (SA),599,95,0.04214191436767578,True
South America (SA),598,0,0.05243802070617676,False
South America (SA),266,0,0.06310081481933594,False
South America (SA),479,0,0.07576918601989746,False
South America (SA),599,47,0.08614087104797363,True
South America (SA),598,0,0.09641504287719727,False
South America (SA),266,0,0.10764694213867188,False
South America (SA),479,0,0.11789393424987793,False
South America (SA),599,23,0.12963604927062988,True
South America (SA),598,0,0.14081788063049316,False
South America (SA),266,0,0.1520991325378418,False
South America (SA),479,0,0.16475605964660645,False
South America (SA),599,11,0.1769258975982666,True
South America (SA),598,0,0.18782687187194824,False
South America (SA),266,0,0.19794678688049316,False
South America (SA),479,0,0.20910906791687012,False
South America (SA),599,5,0.21937108039855957,False
South America (SA),598,0,0.23070907592773438,False
South America (SA),266,0,0.24114418029785156,False
South America (SA),479,0,0.2513599395751953,False
South America (SA),599,2,0.2635798454284668,False
South America (SA),598,0,0.27599310874938965,False
South America (SA),266,0,0.2876009941101074,False
South America (SA),479,0,0.3002200126647949,False
South America (SA),599,1,0.3118247985839844,False
South America (SA),598,0,0.322192907333374,False
South America (SA),266,0,0.3347640037536621,False
South America (SA),479,0,0.3453209400177002,False
South America (SA),599,0,0.35796403884887695,False
South America (SA),598,0,0.3683278560638428,False
South America (SA),266,0,0.3796107769012451,False
South America (SA),479,0,0.39209699630737305,False
South America (SA),599,0,0.4025840759277344,False
South America (SA),598,0,0.41475701332092285,False
South America (SA),266,0,0.42552804946899414,False
South America (SA),479,0,0.43811607360839844,False
South America (SA),599,0,0.4506947994232178,False
South America (SA),598,0,0.460906982421875,False
South America (SA),266,0,0.4722299575805664,False
South America (SA),479,0,0.48348212242126465,False
South America (SA),599,0,0.4940929412841797,False
South America (SA),598,0,0.5047309398651123,False
South America (SA),266,0,0.5173702239990234,False
South America (SA),479,0,0.5296251773834229,False
South America (SA),599,0,0.5397210121154785,False
South America (SA),598,0,0.5504119396209717,False
South America (SA),266,0,0.5605812072753906,False
South America (SA),479,0,0.5710039138793945,False
South America (SA),599,0,0.5812649726867676,False
South America (SA),598,0,0.5913610458374023,False
South America (SA),266,0,0.6020321846008301,False
South America (SA),479,0,0.6139898300170898,False
South America (SA),599,0,0.6241228580474854,False
South America (SA),598,0,0.6343948841094971,False
South America (SA),266,0,0.6474800109863281,False
South America (SA),479,0,0.6579809188842773,False
South America (SA),599,0,0.6693928241729736,False
South America (SA),598,0,0.6809988021850586,False
South America (SA),266,0,0.6921420097351074,False
South America (SA),479,0,0.7025001049041748,False
South America (SA),599,0,0.7151510715484619,False
South America (SA),598,0,0.7286441326141357,False
South America (SA),266,0,0.7400000095367432,False
South America (SA),479,0,0.7525818347930908,False
South America (SA),599,0,0.7627010345458984,False
South America (SA),598,0,0.7741670608520508,False
South America (SA),266,0,0.7851169109344482,False
South America (SA),479,0,0.7976100444793701,False
South America (SA),599,0,0.8080041408538818,False
South America (SA),598,0,0.8192260265350342,False
South America (SA),266,0,0.8303139209747314,False
South America (SA),479,0,0.8421170711517334,False
South America (SA),599,0,0.8524742126464844,False
South America (SA),598,0,0.8626270294189453,False
South America (SA),266,0,0.8733508586883545,False
South America (SA),479,0,0.8845410346984863,False
South America (SA),599,0,0.8954548835754395,False
South America (SA),598,0,0.9080991744995117,False
South America (SA),266,0,0.9183878898620605,False
South America (SA),479,0,0.9296278953552246,False
South America (SA),599,0,0.9422149658203125,False
South America (SA),598,0,0.9538919925689697,False
South America (SA),266,0,0.9645061492919922,False
South America (SA),479,0,0.9746758937835693,False
South America (SA),599,0,0.984856128692627,False
South America (SA),598,0,0.9973099231719971,False
South America (SA),266,0,1.0099620819091797,False
South America (SA),479,0,1.020207166671753,False
South America (SA),599,0,1.0305678844451904,False
South America (SA),598,95,0.04091906547546387,True
South America (SA),266,0,0.052459001541137695,False
South America (SA),479,0,0.06348204612731934,False
South America (SA),599,0,0.07443714141845703,False
South America (SA),598,47,0.08463001251220703,True
South America (SA),266,0,0.0971059799194336,False
South America (SA),479,0,0.10830116271972656,False
South America (SA),599,0,0.11851215362548828,False
South America (SA),598,23,0.12987804412841797,True
South America (SA),266,0,0.1400928497314453,False
South America (SA),479,0,0.15180206298828125,False
South America (SA),599,0,0.16372895240783691,False
South America (SA),598,11,0.17425203323364258,True
South America (SA),266,0,0.18523502349853516,False
South America (SA),479,0,0.19710206985473633,False
South America (SA),599,0,0.20975422859191895,False
South America (SA),598,5,0.2220301628112793,False
South America (SA),266,0,0.23219609260559082,False
South America (SA),479,0,0.24390196800231934,False
South America (SA),599,0,0.2550342082977295,False
South America (SA),598,2,0.26746702194213867,False
South America (SA),266,0,0.27980709075927734,False
South America (SA),479,0,0.29137611389160156,False
South America (SA),599,0,0.30406808853149414,False
South America (SA),598,1,0.31673097610473633,False
South America (SA),266,0,0.32939791679382324,False
South America (SA),479,0,0.3407769203186035,False
South America (SA),599,0,0.3510918617248535,False
South America (SA),598,0,0.3637528419494629,False
South America (SA),266,0,0.3764979839324951,False
South America (SA),479,0,0.3866591453552246,False
South America (SA),599,0,0.3971991539001465,False
South America (SA),598,0,0.4084150791168213,False
South America (SA),266,0,0.4203450679779053,False
South America (SA),479,0,0.430711030960083,False
South America (SA),599,0,0.4421701431274414,False
South America (SA),598,0,0.45287489891052246,False
South America (SA),266,0,0.4655439853668213,False
